Ano-Calendário;Faixa SM Mensal;Quantidade de Declarantes;Rendimentos Tributáveis;Rendimentos sujeitos a Tributação Exclusiva;Rendimentos Isentos;Dedução Previdenciária Total;Deduções Previdência Oficial;Deduções Previdenciárias RRA;Deduções Previdência Privada e FAPI;Deduções com Dependentes;Deduções com Instrução;Deduções com despesas Médicas;Dedução de Livro Caixa;Deduções  com Pensão Alimentícia Total;Deduções com Pensão Alimentícia Judicial;Deduções com Pensão Alimentícia Escritural;Deduções com Pensão Alimentícia RRA;Desconto Padrão;Base de Cálculo (RTL);Imposto Devido;Dedução de Incentivo;Imposto Devido 1;Imposto Devido RRA;Imposto Devido Total;Imposto Pago;Imposto a Pagar;Imposto a Restituir;Dívidas   e Ônus;Doações e Heranças Recebidas;Bens e Direitos;Previdência Complementar (VGBL);Valores Pagos com Previdência Complementar (PGBL);Valores Pagos com Previdência Complementar de Natureza Pública;Valores Pagos com FAPI;Despesas com Instrução;Despesas Médicas;Pensão Alimentícia Judicial;Despesas com Pensão Alimentícia Escritural;Despesas com Profissionais Liberais;Despesas com Arrendamento Rural;Outras Despesas;Doações Efetuadas
2020;Até 1/2;1604246;1110,774974;146,7742346;263,6168658;15,37225763;15,07220961;0,04858555;0,25146247;48,31141146;5,87489124;17,84931747;0,29453649;2,11644146;1,84939408;0,25610688;0,0109405;122,2896337;898,6664845;0,0214842;0;0,0214842;0,00660366;0,0266103;20,34756942;0,01354508;20,74640608;25987,99692;2,50858799;311655,5909;532,2430748;20,75867515;0,36962834;3,04305952;206,3995644;434,5124317;54,38700954;8,70241277;48,13490215;23,47134763;266,6382874;957,1071783
2020;De 1/2 a 1;578381;4975,594883;242,5130408;699,0001871;93,21138916;92,23340868;0,0983896;0,87959088;117,4236705;20,4220101;62,77855803;1,84314318;7,32782846;6,44677658;0,81850017;0,06255171;647,361038;4025,227246;0,14860843;0,00004854;0,14855989;0,02282755;0,17138744;32,20574912;0,08117434;32,27200305;6668,20158;12,7630477;67171,87153;343,3984721;17,39022241;0,18459982;1,82662082;121,863576;250,1885937;21,00037345;4,96802019;19,93439567;6,90152;101,269376;184,8817211
2020;De 1 a 2;2755245;43655,42452;1623,488811;6499,015171;692,0372553;683,4468708;0,92858959;7,66179491;568,8325379;135,6871217;493,989376;20,75801312;53,37545607;47,38649607;5,67892198;0,31003802;6052,028806;35638,72253;1,13497131;0,00001137;1,13495994;0,14765117;1,28073379;227,258573;0,61242453;228,8005302;27284,28682;81,43904575;327870,4381;1307,638757;41,4518111;1,16067508;7,90212163;562,9741127;1374,621728;108,1224925;15,44718631;92,49066388;17,82661984;327,7726158;562,1230058
2020;De 2 a 3;5014845;135856,8419;8796,728661;15271,23282;2770,710338;2722,89622;2,83675395;44,97736375;2733,189625;842,8704662;2750,400932;78,42703988;427,7616192;387,7514754;38,87591325;1,13423053;20422,76526;105830,7596;404,8032943;0,00266144;404,8006329;0,55236564;405,3387979;1434,369636;83,86180904;1123,023896;42824,00893;181,2198594;466055,4996;2759,212813;92,78682546;2,64443439;31,79522275;2002,751534;4701,322182;486,5289209;54,69766457;172,0162657;15,96570175;726,3433942;872,4459493
2020;De 3 a 5;8262962;322633,2101;26223,85182;54106,30171;10062,92702;9728,069508;6,67081639;328,1866981;7303,439334;3815,631606;12517,50934;411,3803174;1826,871653;1640,261248;183,0533659;3,55703882;42034,33749;244661,2079;6348,92011;0,43292342;6348,487187;3,01824195;6351,415756;9797,412307;1014,700012;4515,477033;82258,28002;984,1425484;894670,4679;4217,011696;384,0147464;12,65212848;178,7483988;7526,893668;17350,60506;1813,101766;207,0186695;482,0174775;29,99700643;1991,261128;1783,859895
2020;De 5 a 7;4316910;245948,7623;22023,01343;50870,06953;8980,098333;8461,36106;5,26621476;513,4710578;4330,537294;3430,614263;12739,34546;593,0787678;1873,495077;1684,587325;186,3528985;2,55485293;29707,12579;184294,5199;12338,47612;1,72737163;12336,74875;7,68532831;12344,28701;15048,09285;1923,852792;4707,102394;70961,01647;1846,491923;724203,7103;4411,883677;562,0431212;17,49999795;230,3334496;7139,403739;16652,41203;1802,939552;203,9203685;517,5167437;30,87777711;1778,438748;1759,578034
2020;De 7 a 10;3219143;249138,1308;24438,65538;62356,4511;10560,9839;9631,00145;5,25845166;924,7240011;3669,969852;3275,834027;13522,44714;960,8589067;2177,918743;1960,55679;215,3773412;1,98461229;24895,01712;190075,1185;22211,3361;5,87625452;22205,45985;19,97938919;22225,09088;23032,34895;3468,762321;4395,453269;71832,55276;2972,606407;796996,2898;6194,366367;974,3878686;40,61358063;387,8490613;7439,851911;17400,99897;2066,614431;229,8697112;683,3084168;31,72853103;2034,425083;1962,718301
2020;De 10 a 15;2526189;269857,8044;29508,50712;85199,96618;15620,72157;13502,67356;6,96393145;2111,084079;3397,428927;3025,637382;15563,18433;1467,655136;2614,77128;2335,715875;277,5411138;1,5142916;14351,88863;213816,5424;35293,13184;18,75897491;35274,37286;43,71383385;35317,68854;34517,47898;4368,637588;3731,122644;91081,72767;4421,728592;956287,6332;7179,220798;1928,205376;184,7924488;637,186146;7846,207276;18458,7646;2482,066893;298,1820081;960,5557767;36,34523232;2611,784017;2858,14773
2020;De 15 a 20;1167190;165207,3302;20683,24105;66463,49946;11737,51954;9603,602389;4,97490624;2128,942244;1692,885011;1475,917704;9572,590651;1195,843238;1597,089133;1415,723678;180,3564905;1,00896448;4470,68159;133464,8033;26005,51548;23,44251254;25982,07296;49,69741532;26031,54441;25301,50476;2616,152867;1997,987487;59666,76796;3890,119094;689994,3664;5987,799998;1848,427285;139,0055397;553,2599967;4758,721598;10966,22187;1531,733622;197,0132101;788,1020639;26,2715615;1898,68051;2245,76132
2020;De 20 a 30;1073869;197198,6716;28396,72647;100128,2866;15782,33304;12476,57755;5,44168251;3300,313813;1602,298689;1390,000992;10793,08322;1821,564817;1994,112986;1750,240424;243,3079077;0,56465357;3210,124629;160605,164;34473,24408;44,62586894;34428,61821;100,9597521;34528,90855;33647,6615;2954,60866;2237,826407;71202,02563;6641,788084;970452,1987;10023,23773;2956,185921;198,5126546;720,4261317;5596,939533;12350,39469;1912,421657;270,5216372;1207,218703;39,12451151;2680,673746;3728,532096
2020;De 30 a 40;394801;93019,54894;15385,62663;57941,96349;7907,556676;6154,185397;3,66328145;1749,707998;602,0104604;531,6701078;4782,310018;1111,345199;992,2573151;868,5679979;122,9573243;0,73199295;1050,868043;76041,52958;17391,95378;31,21273192;17360,74104;78,84845491;17439,15765;16917,15861;1418,493416;992,9789364;36063,85123;4338,837561;544316,4513;6774,551322;1579,892416;164,6599365;329,1530799;2602,075451;5518,92154;959,4432714;138,2284185;683,168907;31,11827125;1427,681506;2274,453702
2020;De 40 a 60;408094;112077,4968;24882,28194;100743,1396;8930,813047;6500,206467;4,39209961;2426,214481;649,9707181;590,5285086;5281,09392;1923,824723;1141,390844;992,4066073;148,4111709;0,57306539;1155,768262;92404,10302;21820,951;48,22469527;21772,7263;227,5785981;21999,26017;20926,51493;2043,774895;1167,786516;55815,78597;8945,029806;847212,4296;9373,662295;2237,390948;161,7596795;434,5899726;3512,376692;6194,157276;1089,319688;165,4280429;1175,535686;34,96257973;2053,920666;3987,489603
2020;De 60 a 80;117986;35199,30289;12391,70622;53803,07576;2214,438081;1358,853792;2,23480085;853,3494878;180,8574851;163,1996174;1455,055162;911,1253153;342,9348295;296,7818072;45,84600553;0,30701676;403,7082686;29527,98414;7119,307512;18,49964333;7100,807869;165,7875342;7266,398536;6593,977031;896,2478716;350,5574207;25170,76514;5559,072201;403700,034;6292,260565;813,6440692;12,75771305;148,6136555;1195,713772;1779,430473;330,3799791;53,13762214;598,8998846;21,56776701;863,2964993;2304,969696
2020;De 80 a 160;122641;42143,32618;21567,30466;102302,4186;1856,49296;883,1715637;2,88496356;970,436433;173,7113187;155,9629748;1469,347026;1673,356692;315,8399983;267,132098;48,62811639;0,07978392;497,4847298;36001,13048;8894,517563;25,53332171;8868,984242;239,0429695;9107,575076;7707,167656;1487,837102;396,4573277;44499,53793;12496,00458;746421,3523;7433,670761;979,0390902;6,58636274;162,7504698;1356,825693;1889,130607;314,4889254;59,42031422;1012,890802;49,09605961;1397,83466;5081,238628
2020;De 160 a 240;30284;13777,82728;10063,15749;49323,04944;416,4184552;149,6557092;0,38389472;266,3788513;41,56103381;36,31546776;388,8953665;929,2419918;86,89757807;72,93920442;13,95747969;0,00089396;132,3061338;11746,19125;2990,747347;11,21352544;2979,533821;61,12464501;3039,626481;2352,927232;672,6289803;107,2449261;24647,74438;6451,034155;349222,4624;2945,361285;274,4783354;1,17136541;38,42651131;394,3066042;530,1106277;91,66376387;18,81582823;313,8573761;25,78643589;625,8450166;2996,255622
2020;De 240 a 320;14045;7991,916999;7350,932404;32947,34654;212,3035125;66,476497;0,01794777;145,8090678;19,14643984;16,75355215;199,1565936;640,5048302;48,36392285;40,31951204;8,01964462;0,02476619;62,21856832;6793,469579;1757,781272;7,68792872;1750,093343;17,69719713;1767,326741;1335,023455;431,6668656;57,23740816;15594,83241;4609,242107;236527,741;2108,066973;150,3049633;0,52126853;18,07857969;207,1487532;279,5708444;52,91194093;12,26179545;157,6640615;15,07538191;340,7691008;1965,226471
2020;Mais de 320;28006;35640,2575;77553,20724;257145,2052;771,1982726;117,3066;0,02177756;653,8698951;40,78015344;34,68800492;493,8549989;4910,078971;165,5141298;138,1054928;27,40863702;0;117,8410112;29106,30196;7784,503475;75,41931409;7709,084161;26,20960619;7735,293767;5749,452015;1880,565272;209,0553987;90125,82382;46889,94928;1801544,549;10057,20546;1159,931644;0,50705739;44,8295558;495,8543829;729,5531378;198,8730431;39,54498681;683,3789141;73,61148329;3343,765076;23941,89903
2019;Até 1/2;1327015;408,149142;113,393141;200,2383579;12,0721016;11,90323869;0,03324198;0,13562093;27,75826453;2,3598505;6,34003174;0,16466367;0,93068311;0,82095368;0,09125488;0,01847455;43,87380058;314,6497463;0,01510038;0;0,01510038;0,0075529;0,02265328;19,77619446;0,01440771;20,21738512;20910,62417;1,68961496;316272,2939;402,3250966;14,43060845;0,38954117;2,78848149;169,9316002;327,0246977;43,27177724;7,23546208;47,15667388;13,81880758;234,6854834;887,9014975
2019;De 1/2 a 1;397910;3157,914812;202,6027021;496,7390012;78,83612086;78,03432236;0,09602679;0,70577171;82,44696011;14,47086336;38,54995294;0,87973955;4,69066563;3,98893932;0,68128665;0,02043966;395,5036703;2542,536839;0,14619269;0;0,14619269;0,0109389;0,156446;34,86874017;0,07810839;34,98631126;5037,065314;9,0653618;63781,42343;214,6731341;7,07936417;0,37983662;1,65820047;94,07575727;178,2747538;18,24144636;3,18097822;17,80002312;5,44063656;70,67117341;159,3248746
2019;De 1 a 2;1927431;27752,67298;1230,076669;4716,051829;540,4125436;534,148279;0,68510854;5,57915603;434,1330347;96,14291993;319,0062239;10,5622708;34,69364421;30,40087742;3,87831049;0,4144563;3538,384017;22779,33833;1,03463502;0,00008715;1,03454787;0,15883004;1,1922664;229,2477385;0,46178378;229,9005889;18546,17557;54,20074166;212680,6272;714,9668215;30,94202524;1,03111239;6,2903329;425,1003112;929,2817121;76,87559569;10,48818951;65,67852367;10,48660337;238,893354;459,6982297
2019;De 2 a 3;4953698;130157,4871;6774,804263;12746,45696;2489,556243;2451,929654;2,9777885;34,64880053;2891,828448;732,8875777;2132,602498;69,645883;289,633439;261,8549707;26,50634664;1,27212168;19945,40479;101605,9282;217,1807946;0,00134535;217,1794492;0,42318296;217,5961815;1045,475393;54,1922794;889,6250605;38508,29073;141,2567218;455828,5434;1396,387001;78,01388599;2,28043375;26,10119282;1856,223794;3764,860605;353,6319203;39,87550945;142,8955344;16,6043656;630,4604413;639,7706428
2019;De 3 a 5;8259979;311324,6344;25066,1134;48391,10149;11615,06841;11269,82056;8,6340638;336,6137819;10214,69519;4361,37872;12041,70155;402,5157575;1770,627271;1591,331657;174,7961908;4,49942344;37338,38255;233580,265;5156,294607;0,33100269;5155,963604;2,33523194;5158,261003;8447,666229;818,5276459;4157,512312;76754,45231;742,6546516;850477,4221;3439,023798;370,5433274;10,59356486;174,8459559;8637,270538;16374,84338;1753,982674;200,3963097;424,7588089;27,22937515;1945,860313;1323,688216
2019;De 5 a 7;4382734;239195,28;21834,86421;48194,03484;9506,67801;8935,761665;6,2562126;564,6601326;5841,745646;4083,266073;12583,90657;603,8604527;1847,173149;1664,693197;178,7763192;3,70363342;27273,4961;177455,154;10651,23315;1,33758099;10649,89557;6,17374162;10656,00552;13689,29571;1655,456968;4764,538825;82898,34162;1609,745835;721016,4717;3754,643061;585,2290618;15,55220136;242,0510198;8533,2437;16251,40393;1782,468906;200,3435489;471,5451529;24,0416879;1726,438131;1323,446668
2019;De 7 a 10;3274742;243351,4369;24569,85464;58426,19189;10078,54841;9136,746346;6,00845103;935,7936146;4649,07064;3840,341891;13431,89855;974,0340611;2208,988794;1988,704289;216,96081;3,32369457;24707,24671;183461,3079;19963,35247;4,13812338;19959,21435;15,99321735;19975,04285;21626,65852;2984,226197;4756,581517;69707,39199;2601,512091;729974,7894;4923,91715;983,4405593;33,97438274;388,173867;8890,171795;17369,09233;2090,608121;230,5707732;637,6374682;29,26125245;1995,164775;1663,638018
2019;De 10 a 15;2545965;260951,861;29522,93925;79673,56365;13443,41482;11429,72093;7,63728145;2006,056602;3960,326523;3387,612314;15288,87202;1537,933843;2563,050672;2293,276763;267,4809923;2,29291697;15431,88961;205338,7612;32754,38282;12,28628468;32742,09653;36,38133675;32778,24855;32765,51263;3942,043582;4097,566051;77953,01962;3918,370297;864086,0398;7455,243369;1848,92917;139,5079397;656,2576998;9025,431445;18398,62053;2418,992344;291,134526;910,0928982;34,08898913;2539,180936;2683,178484
2019;De 15 a 20;1177471;160130,6744;21091,28004;61800,65216;10015,81318;7964,112829;5,2207327;2046,479618;1916,844235;1649,374392;9481,787664;1284,97098;1601,389087;1417,422728;182,9642282;1,00213066;4920,635367;129259,8595;24732,47989;15,56320351;24716,91668;42,60430275;24759,32767;24280,74542;2423,368874;2066,721863;53671,6279;3440,975642;622562,3555;5871,614841;1761,433595;114,935541;570,0434403;5365,241095;10937,68871;1527,424957;202,395143;774,8164873;32,32059872;1816,910443;1835,062358
2019;De 20 a 30;1088075;192825,8554;29695,6354;92815,82252;13664,89781;10440,84611;7,50935626;3216,54234;1781,876517;1538,942735;10969,04222;1954,862045;2017,422864;1769,556223;246,542601;1,32403923;3369,399567;157529,4116;33455,03999;32,21091624;33422,82907;105,8826353;33528,34021;32953,8865;2791,559631;2381,000129;67355,57545;5913,467794;869557,5708;9354,498171;2823,40532;170,6239353;754,8070198;6210,255818;12525,91748;1929,451564;272,9529952;1198,126074;25,62913015;2590,862991;3098,07919
2019;De 30 a 40;446040;101959,3323;18311,61859;61416,02896;7670,677865;5743,815547;4,19963768;1922,662681;717,952255;629,881546;5517,855433;1377,405928;1109,097349;973,1592716;135,451362;0,486715;1164,819464;83771,64245;19061,6877;26,07277527;19035,61493;102,6990706;19137,99628;18669,61466;1505,293401;1146,584035;36588,41197;4315,532803;550453,5909;6578,916448;1721,269861;149,7529052;382,8747921;3133,636816;6360,788541;1075,238322;153,070523;809,5798886;21,15341382;1542,206176;2778,573125
2019;De 40 a 60;396495;108868,0863;25462,51179;90100,78473;8018,004247;5625,387065;6,26357485;2386,353608;666,3512537;604,7768346;5389,341001;2034,025765;1151,157831;1001,674393;148,819275;0,66416312;1049,968322;89954,46104;21220,4754;37,69761815;21182,77778;228,9933454;21411,19183;20506,32577;1838,682393;1117,208764;46567,45716;7601,187981;748551,8156;9084,904557;2167,09967;146,0353164;442,409312;3559,292118;6287,146421;1089,732415;164,9418343;1153,303335;29,13135627;1919,661975;3688,278496
2019;De 60 a 80;125934;37990,89777;13790,6783;51544,63488;2345,586357;1409,403961;3,49141893;932,6909779;206,4825546;188,3616404;1713,007328;1103,495365;383,3905786;329,2463802;54,01642217;0,12777629;392,2727084;31658,30123;7623,114259;16,23984312;7606,874416;172,5643731;7779,171663;7234,417672;818,1927528;399,4701295;21767,80174;4998,182163;403016,1165;4938,284659;893,5052251;13,55098291;174,2766036;1322,587731;2062,394216;361,3073515;62,98911984;633,5305014;26,92143575;884,6857434;1911,748912
2019;De 80 a 160;126177;43153,24093;23771,36403;95697,86613;1977,165549;909,2365145;4,17400757;1063,755027;191,2299469;173,3916384;1671,913489;1826,099022;358,1193036;302,4887289;55,1736453;0,4569294;462,0848172;36493,23716;8992,677942;21,07993054;8971,598011;232,798069;9204,275702;8155,648151;1225,04587;418,3759152;39463,27512;11282,98294;715236,965;8489,438106;1054,384195;6,39369967;185,4308513;1496,969381;2140,722418;348,5663001;67,41965298;978,1348929;41,02005339;1474,076053;4213,170528
2019;De 160 a 240;29453;13066,43669;10830,71173;44241,83198;414,9143525;139,9850226;0,40330646;274,5260234;42,56524823;37,6372759;420,8500294;912,5708849;89,85606624;75,95500863;13,90105761;0;118,1163616;11029,92648;2798,849299;8,63435465;2790,214945;77,33340257;2867,5019;2391,471944;502,4960012;112,438501;19568,80966;5611,133752;333980,6357;3704,488222;276,947591;0,98399874;45,12899071;395,3683487;571,5029748;94,56285132;19,75089061;336,220261;17,89439047;594,4264433;2153,602817
2019;De 240 a 320;13231;7286,746226;7207,665285;29045,4489;196,8807819;62,45253468;0,05472617;134,373521;19,76206321;16,94224292;202,437045;705,6845411;44,02277277;35,29746189;8,70054469;0,02476619;53,89142777;6047,125352;1558,839858;5,61562241;1553,224235;28,30801138;1581,532247;1268,836818;321,4306007;57,28452003;10858,1499;3984,244548;210320,3239;2342,812549;136,1924121;0,31615162;25,49299732;198,4509898;311,6824489;46,86290607;12,04999085;159,7861412;11,07031264;519,4051506;1699,504549
2019;Mais de 320;26154;31620,9884;74702,1851;257485,9761;751,482806;114,0370005;1,2074727;636,2383328;38,69696767;34,00565937;505,1800308;5145,793011;160,4772742;130,5763781;29,87673659;0,02415956;103,6760474;24881,6766;6637,749037;55,74023585;6582,008801;38,31136687;6620,320168;5384,120777;1219,850149;192,1768323;69430,91271;69442,03292;1760420,737;13249,6673;673,7434808;0,24017141;55,92795397;464,9552257;738,2894626;190,9995126;41,98350991;653,5026544;36,3543154;2915,448731;23070,42426
2018;Até 1/2;1394965;377,0045409;96,98438971;181,9547258;10,48482664;10,31266528;0,04212365;0,13003771;21,52360761;1,57020421;5,10751162;0,12983579;0,76326676;0,65981791;0,08776425;0,0156846;41,9249523;295,500336;0,0170855;0;0,0170855;0,01150591;0,02749822;428,4727045;0,01200049;428,8624654;19834,49216;1,68034569;187534,9178;393,0018775;13,85696657;0,39310708;2,62870428;151,2854709;290,6793006;39,37991383;6,48948328;36,87472495;14,42707582;295,3564748;857,1543202
2018;De 1/2 a 1;378944;2897,03395;179,0457807;450,3772375;71,2656661;70,53373611;0,10661816;0,62531183;73,55283142;11,15204187;31,5178007;0,96192826;3,91772071;3,3759573;0,49055964;0,05120377;368,1319843;2336,533976;0,10996847;0;0,10996847;0,02870129;0,13861078;26,34425688;0,05337726;26,43827587;4800,989661;8,45784424;49826,06215;179,2450588;7,27209017;0,14220802;1,96165508;83,17222349;152,6088206;13,54245842;2,05973801;16,72388372;5,64489003;62,35245329;133,4778044
2018;De 1 a 2;1910580;26540,93413;1095,426083;4243,1789;492,6672785;486,2886553;0,8928835;5,4857397;391,8775864;81,37516577;264,3604037;9,80440287;28,40538568;25,1112516;3,0307024;0,26343168;3380,056233;21892,38767;0,83140718;0;0,83140718;0,13831099;0,96358419;156,0947357;0,37512062;156,8267774;17415,00933;51,77945133;188133,9612;695,9606681;29,12226033;0,7283402;6,34496975;365,830534;813,9590946;62,8971607;9,82395909;59,57129726;7,48895457;227,2617304;414,620864
2018;De 2 a 3;4732548;120970,8766;5740,822499;11095,35223;2046,59437;2014,345495;3,96034728;28,28852822;2353,784644;561,6549732;1587,540157;60,15265952;224,5441319;202,0139872;21,16247296;1,36767174;19072,99243;95063,61321;122,9836185;0,00089747;122,982721;0,45029937;122,978753;785,8501307;39,02661133;708,6546727;35153,48348;128,9064565;420547,3214;1145,492394;71,20271183;2,39042947;23,94428572;1488,829225;3021,215484;283,99831;32,03222623;128,6875855;15,77085416;594,5113266;588,0839576
2018;De 3 a 5;8332557;302353,4726;24271,02996;44619,97565;11352,91486;11005,53989;10,81623394;336,5587319;10453,85006;4218,517017;10768,5345;395,5598491;1680,513739;1510,317041;165,1877477;5,00895063;36125,02216;227358,5604;4385,705077;0,22136649;4385,483711;2,18246032;4374,250417;14008,86877;751,9010608;10429,95084;70890,30235;712,3989426;724209,8411;3074,8384;359,7848313;9,88197066;182,1226374;8131,377082;14806,53228;1672,638831;188,5785833;376,0578506;29,45316263;1898,169646;1302,45612
2018;De 5 a 7;4409005;231233,8726;21281,88606;44910,55492;9427,110243;8844,027568;6,73255305;576,3501221;6078,321593;4140,658103;11590,27984;594,7600607;1797,744195;1618,383174;175,3821143;3,97890613;25961,8244;171643,1742;9389,707896;1,01564473;9388,692252;5,82520448;9364,212266;12099,17326;1534,608033;4339,505804;59873,00616;1473,913583;594702,0163;3331,511665;573,6161028;14,3201199;259,2557237;8329,76653;14988,87231;1723,943559;188,701624;437,119292;28,73842334;1765,855969;1280,183631
2018;De 7 a 10;3326932;237467,7644;24016,05284;55412,07415;9938,970227;8987,439985;6,01184156;945,5183999;4874,590591;3992,38271;12648,92088;954,2092985;2212,131255;1996,694594;211,5023207;3,93434052;24415,97312;178430,5863;18209,08187;3,19454492;18205,88732;15,63276965;18170,32073;19843,80897;2837,895096;4623,0167;65317,2724;2428,449928;660829,7174;4493,125559;968,7304672;29,32296404;410,9637392;8814,844513;16429,87298;2099,235747;225,0478359;602,8514552;28,99565002;2055,334412;1590,948568
2018;De 10 a 15;2558522;252564,4598;28220,99864;74890,17622;12623,83853;10710,72313;6,24029211;1906,875116;4042,878303;3455,226248;14092,74781;1520,443354;2492,999926;2228,539653;262,160272;2,30000073;16039,52041;198296,8053;30650,62234;9,61391785;30641,00842;32,96752795;30590,58943;30504,15627;3861,259978;3932,313352;75103,57626;3658,994144;794047,2123;6515,835309;1753,383147;103,4430411;673,7465177;8749,75386;17122,83145;2353,152748;279,4365365;856,300092;34,50739221;2645,460981;2075,373352
2018;De 15 a 20;1177091;154744,1287;20012,33426;57424,0619;9457,83759;7513,762539;4,41192784;1939,663123;1952,692006;1678,38042;8801,845373;1226,004638;1590,73644;1413,792399;176,0125355;0,9315053;5101,091569;124935,5407;23499,83584;12,42598431;23487,40986;38,89149044;23450,50123;22942,56058;2408,454498;2013,881986;52032,41494;3170,343997;579146,5335;5233,769764;1669,564122;78,89261994;562,0209302;5155,810689;10182,75037;1515,277621;191,1545304;709,9984747;19,16015707;2001,733161;2027,398084
2018;De 20 a 30;1079456;185469,0672;27803,9453;85817,6126;12920,31729;9828,682342;5,46427963;3086,170665;1799,843673;1550,012136;10103,30334;1948,268543;1988,770462;1748,100769;239,4610116;1,20868193;3416,695965;151741,8558;31901,77068;26,51860876;31875,25208;88,63438283;31845,526;31084,04641;2773,887334;2162,045891;64860,78022;5531,42586;822108,3072;8396,68231;2668,148667;98,60832767;761,4344147;5844,007902;11574,61889;1896,420497;263,8999624;1109,482326;28,26417286;2799,634914;3177,992577
2018;De 30 a 40;487590;110224,5997;18745,198;63081,12733;8284,819338;6275,303912;4,00326027;2005,512165;797,098131;692,4361898;5749,897544;1412,442199;1246,979642;1097,70515;148,7227556;0,55173686;1241,346077;90799,58056;20599,51965;25,45997515;20574,05967;88,0432561;20580,56074;20114,10572;1648,108159;1298,54583;37908,98386;4444,785597;571965,5139;6654,531723;1775,608004;85,49263937;420,150953;3215,771718;6659,487384;1212,391336;165,7314813;799,0645422;20,13748682;1875,894454;2264,35101
2018;De 40 a 60;355100;93661,48943;22181,46544;79329,98242;6729,019344;4631,323304;4,33378423;2093,362256;604,6923665;545,7747715;4525,05153;1859,943026;1010,868044;880,8472859;129,2600809;0,76067725;949,9441422;77436,1962;18135,78992;29,76721695;18106,02271;202,8087463;18232,31017;17324,66768;1709,538695;968,6627858;40762,90856;6877,822996;657519,4058;8600,667226;1893,741216;54,27229198;423,6364487;3018,86874;5304,828001;957,2776041;141,8953787;971,4270609;30,77007957;1964,069451;2917,138662
2018;De 60 a 80;121416;35567,77891;12228,51097;47497,40434;2143,321918;1269,558044;2,03476315;871,7291107;200,1024156;180,5344884;1559,024527;1022,017912;367,1754884;314,6842882;52,4284636;0,06273658;375,340773;29720,26139;7121,436476;13,74208541;7107,694391;137,9214948;7218,263302;6640,510428;817,9113526;359,8937321;20503,87981;4794,447117;361056,7801;4759,626079;828,4487965;5,94180717;168,0224281;1188,458129;1889,116471;343,0975972;59,31512879;571,2493873;13,34097068;1000,080119;1967,008645
2018;De 80 a 160;121576;40488,24796;21217,80184;88032,49292;1807,891712;837,3476071;2,76790117;967,776204;184,5520001;165,3580408;1530,481934;1699,896216;339,9390355;287,9104052;51,91432964;0,11430064;442,9725265;34317,1565;8429,022372;19,63361208;8409,38876;211,7850459;8594,386767;7550,796735;1220,137986;399,8075835;33641,11385;10844,82819;653691,2137;8241,652687;939,3965673;4,41909978;187,3071104;1311,914854;1956,597597;332,9898885;63,10876168;888,4176537;41,89487009;1439,140114;3919,923807
2018;De 160 a 240;28513;12204,4491;9432,070457;41474,96047;387,1192126;134,7047145;0,5582153;251,8562829;41,17511867;36,25756862;392,1668105;877,7081234;81,7405755;66,10476848;15,63580702;0;111,825418;10276,45628;2597,767242;6,57516744;2591,192074;63,89150471;2648,984202;2206,176397;476,8792341;99,21629771;14158,77537;5786,208394;299560,5582;3240,002105;255,0914337;0,35231118;44,49076291;350,6538021;529,2589559;84,30799182;21,70604217;284,2813939;18,43378377;631,6578973;2245,984354
2018;De 240 a 320;12366;6562,134729;6305,926692;26142,77339;171,3228891;56,67563913;0,39954765;114,2477024;18,06421894;15,48348679;182,8118257;648,9300763;43,86830456;37,24902402;6,29649654;0,322784;47,57280556;5434,081122;1397,041182;4,40128907;1392,639893;21,4306741;1411,404986;1137,320892;283,3300392;45,13561266;10078,9356;3722,630073;195850,2828;2036,40092;115,7640563;0,1849618;18,69961632;163,3225325;256,928948;47,65591399;8,07356406;143,9711547;11,49017695;535,5968871;1414,494137
2018;Mais de 320;25256;29854,0177;60488,94102;220133,4738;675,6387342;115,782478;1,11384637;558,7424098;36,97662654;31,78847664;450,8059493;4871,750426;160,258284;128,2010824;32,05632824;0,00087333;95,78264549;23531,01655;6272,44993;46,58917544;6225,860754;36,09108534;6255,813918;5086,924446;1105,024401;177,759179;61201,42219;41382,73579;1506526,682;10758,98499;574,0358411;0,18607899;52,17451616;388,8816079;656,7356821;179,3458587;41,55251758;1030,144195;41,30048391;4000,096454;17721,96023
2017;Até 1/2;1418360;373,8804419;82,61068897;172,1192216;10,30451176;10,14769342;0,03936515;0,11745319;20,73081781;1,38028815;4,72619512;0,11963307;0,73226598;0,63492069;0,09032158;0,00702371;42,40483955;293,4818905;0,01327229;0;0,01327229;0,00618725;0,01945954;10989,96439;0,01075341;10990,76606;35980,65223;1,43694164;229960,885;332,5780254;12,98216691;0,20690877;2,21461898;137,2874366;251,6792974;37,76046625;5,55610759;33,64710723;8,58597754;261,3596501;1005,058393
2017;De 1/2 a 1;379905;2873,954718;167,3392528;433,814324;68,80506052;68,07522374;0,11041176;0,61942502;73,98563226;10,3735947;27,6463314;0,77008957;3,63957869;3,1933762;0,4151157;0,03108679;369,5912953;2319,143136;0,10114072;0;0,10114072;0,01446812;0,1152085;25,24172738;0,04291493;25,43569446;4053,305428;7,72172287;38920,70177;153,6443292;8,09302611;0,12828853;1,3380591;72,71050333;131,974587;13,35522062;2,31791254;11,32079981;2,36021863;62,1520376;116,4630741
2017;De 1 a 2;1853175;24948,62551;1030,270231;3982,527563;466,7693051;460,4935104;1,02371664;5,25207805;384,8788963;73,9984452;230,4036911;7,8288698;26,84669404;23,52013928;3,07259402;0,25396074;3234,319911;20523,57623;0,82152542;0;0,82152542;0,10131933;0,92096583;2990,067612;0,330104;2990,641727;15645,07384;48,47726325;183002,6716;638,2015643;28,73798728;0,47655502;6,28717141;318,1648893;714,1836572;60,35141196;8,91053626;52,24099163;8,1067407;201,8448088;364,1449453
2017;De 2 a 3;4592345;115916,4855;5185,577842;10180,7519;1817,018453;1784,356768;4,33235483;28,32933019;2100,95712;472,8120873;1291,990686;56,96591072;194,6910686;175,4281726;17,96664597;1,29624995;18466,07476;91515,97538;90,73320971;0,00089096;90,73231875;0,43898906;90,79701077;2227,770561;31,8549112;2175,263055;34377,17267;119,0081363;494954,5507;1077,09855;70,75650425;1,90449102;25,64158882;1273,075697;2645,322485;258,4384134;28,69944953;107,6121726;17,60046688;535,0478654;581,482658
2017;De 3 a 5;8170078;292816,7133;23423,53069;41504,68291;11227,98146;10856,48142;12,65923152;358,8408093;10675,92647;4143,872499;9762,060599;375,9500574;1682,994389;1517,226857;160,3273641;5,44016814;34765,76285;220182,165;4019,383812;0,18512916;4019,198683;2,50785448;4008,45639;7238,6448;690,1360515;3963,17016;105801,2769;652,2987955;731192,8703;3503,357132;378,9929639;8,54056493;195,4663321;7752,168118;13518,44466;1696,461901;181,1361119;345,2452369;28,00381233;1764,728152;1190,086656
2017;De 5 a 7;4261199;220341,0786;20214,84293;41603,81943;9264,63805;8645,312497;8,53720641;610,7883465;6257,628439;4186,574399;10616,52245;581,6191937;1810,16754;1637,513183;169,3459368;3,3084198;24464,92883;163158,9997;8553,948296;0,8337763;8553,11452;5,70735001;8528,761465;11202,37273;1416,118585;4157,652688;133028,5027;1346,120983;588417,2987;25551,06689;599,2470754;14,40332417;273,907808;8115,172628;13782,02515;1746,842534;182,0682067;388,6893389;21,29017906;1639,878673;1118,327975
2017;De 7 a 10;3207850;225541,1687;22776,98444;51831,02616;9470,148161;8473,027572;6,60710763;990,5134812;4938,073706;4154,285304;11555,24954;942,7465929;2191,919576;1979,180939;209,6034514;3,13518491;23424,59563;168864,1502;16750,77834;2,59054872;16748,18779;14,15833285;16711,59224;18461,73528;2629,964888;4491,587682;60678,22737;2296,157168;635237,9692;4497,938802;1008,910899;23,96933162;433,8322064;8710,38911;15042,69218;2075,041792;222,1807063;542,0597123;29,81603927;1937,067477;1526,521939
2017;De 10 a 15;2437232;236370,2798;26696,54042;69797,90824;11615,51292;9735,230141;7,08522034;1873,197561;3976,810212;3567,738229;12518,15528;1488,712296;2319,772502;2065,5896;252,1488992;2,03400309;15730,66967;185152,9087;28169,71825;7,56656884;28162,15169;34,33837056;28113,77712;28101,59328;3583,629604;3725,692459;150970,7829;3436,450767;740242,515;7108,381826;1731,335597;74,99017956;697,7490282;8500,398031;15371,42803;2192,576341;268,2589681;799,2998255;29,80581339;2517,867551;1954,124771
2017;De 15 a 20;1129443;146114,4621;19336,09611;53395,92216;8860,344689;6949,333299;4,54673016;1906,46466;1944,776522;1728,446288;7857,414095;1206,431032;1545,880464;1372,886999;172,1034837;0,88998073;5101,369943;117869,799;21965,89601;9,90475071;21955,99126;42,01359498;21922,49824;21399,6543;2274,341669;1863,571023;48435,09264;2987,16195;580063,0506;5879,279707;1681,756099;53,6263343;564,1065554;4962,733772;9157,964654;1473,010432;191,7316377;660,6404021;21,56717994;1913,146881;1693,799506
2017;De 20 a 30;1034643;174083,8052;27183,5778;80644,2761;12039,2026;9069,888981;6,46396112;2962,849661;1767,749444;1545,75202;8996,635165;1856,322478;1926,752675;1697,705913;227,7435258;1,30323634;3432,955529;142518,4353;29754,246;21,40703675;29732,83897;92,97659255;29709,71609;29015,86903;2670,215633;2125,212966;97914,06519;5118,287677;760199,9179;8884,345727;2596,125032;64,38359158;742,7760389;5451,473093;10370,53034;1838,265997;254,2907249;1009,670955;34,1540533;2711,524066;2847,467143
2017;De 30 a 40;463135;101957,2036;18683,74297;58526,99556;7496,110887;5651,711102;3,41746679;1840,982318;777,7973703;678,6923635;5042,192807;1397,887922;1190,997441;1049,259282;141,0130042;0,72515426;1250,135371;84123,38949;18959,12362;20,3296127;18938,79401;90,89808954;18951,54278;18362,56936;1607,599016;1132,053243;35619,78739;4146,653616;531384,7007;7039,614339;1635,6989;32,34953957;413,145209;2895,951838;5837,207698;1155,984147;157,3158348;741,8801814;26,53197563;1808,949611;2191,034326
2017;De 40 a 60;347200;89035,8371;22658,36197;76039,4569;6264,470617;4289,609689;4,61925161;1970,241676;597,8830557;532,9063803;4064,994128;1770,987051;1002,990299;876,1721357;126,1080868;0,71007694;967,3308587;73834,27471;17199,98712;25,65243972;17174,33468;177,6630843;17278,49449;16299,88199;1693,730853;883,70289;40742,70656;6412,984824;618249,1962;8496,198775;1802,314568;22,01137817;416,1812167;2723,367889;4770,848843;948,324925;138,9291414;937,0847905;27,54836328;1984,459857;3246,588008
2017;De 60 a 80;122564;35160,28617;12942,47895;46404,4938;2113,263901;1255,654568;1,74113835;855,8681951;207,6988395;183,9422887;1477,197536;926,2648345;384,0216915;334,4433355;49,39752701;0,180829;381,9548484;29485,94223;7037,237874;12,44534723;7024,792527;143,7442526;7141,051605;6544,610447;830,8461041;366,8934731;19494,95623;4438,78163;336310,661;5106,889367;796,4502242;4,82116036;174,3633078;1098,788199;1780,726705;369,0014542;55,95721736;525,4952621;12,23381223;984,9455435;1905,723511
2017;De 80 a 160;121802;39594,26191;22017,98742;85613,76091;1808,840984;824,8449617;2,34294022;981,6530819;188,2527555;164,5949437;1453,513625;1591,729634;356,7535873;302,4386502;54,12135474;0,19358236;439,5990676;33590,97731;8216,604929;16,4855889;8200,11934;204,6066747;8378,461495;7321,236208;1222,851032;361,7602108;31044,293;10224,51968;613529,3075;8964,239964;948,5260298;3,20219014;193,3158733;1200,555502;1858,665059;346,6488569;63,20000345;830,6955587;31,10433015;1537,074284;4532,997198
2017;De 160 a 240;27926;11779,62345;9824,127165;39089,36947;376,5153771;127,2042254;0,37421848;248,9369333;40,49630255;34,87734547;358,5278661;808,2419877;90,01331492;73,51991225;16,49308443;0,00031824;111,378707;9959,572546;2514,364213;5,70671659;2508,657497;50,1964531;2553,093179;2101,40551;469,6232948;93,38056167;17572,88854;5303,592529;285453,3134;3690,206869;253,4024178;0,29370611;40,85080036;315,6515063;492,009761;90,29487693;20,97299727;254,9021556;10,74309049;602,3922957;2216,31807
2017;De 240 a 320;12100;6334,976088;6280,827446;24910,0471;168,8108841;55,15527989;0,11242753;113,5431767;17,87980235;15,072074;170,1880048;621,4332251;36,87196242;30,34268722;6,52913304;0,00014216;47,11221995;5257,607915;1350,293667;3,91359267;1346,380074;14,52694718;1358,275787;1104,872952;272,8245056;52,89940649;8564,971024;3385,572689;178667,5592;2122,921407;116,4485066;0,1202074;16,03233765;153,2567604;232,6919002;40,65181117;8,273276;128,9574205;20,62336108;362,2407346;2086,085686
2017;Mais de 320;24226;27902,52005;59251,47208;199784,1822;627,1485748;114,8122457;0,46975692;511,8665722;35,86904686;29,9348055;415,2053163;4833,559723;156,4904768;129,5678225;26,89829227;0,024362;93,00620882;21711,3059;5779,337703;40,24150621;5739,096196;27,3734466;5760,789217;4543,400338;1103,784545;174,126326;54591,42765;56559,52944;1415191,622;9961,136707;523,4570126;0,08910778;63,33476842;349,8582685;600,4866907;180,2731459;39,5904121;491,5921723;35,40959751;3033,040643;19590,875
2016;Até 1/2;1409529;306,8729667;61,57427065;145,1254431;7,87451513;7,72583668;0,03871674;0,10996171;16,04826063;1,0258271;3,52313873;0,10846813;0,61175433;0,53245913;0,06110736;0,01818784;35,58408898;242,0969136;0,00875077;0;0,00875077;0,00322689;0,01197766;13,89402653;0,0050586;14,90953556;15919,00799;1,20764196;179305,4437;268,0536686;11,51753122;0,10705052;1,85249634;105,3072979;189,1097092;36,85780275;7,9840962;32,79414857;7,73792755;183,2515933;680,0573967
2016;De 1/2 a 1;336601;2413,460341;127,3212862;366,9968944;57,76431815;57,09743315;0,12863283;0,53825217;62,65170611;7,86395138;20,93230681;0,60693038;3,13430987;2,71998845;0,37040222;0,0439192;312,9059236;1947,600895;0,1001894;0;0,1001894;0,02791807;0,12800309;18,36309669;0,05828786;18,47736726;3690,512231;6,42988498;30304,49458;127,9709601;7,18639677;0,08999275;1,29423341;58,7486968;98,78341403;11,24679891;1,52735256;10,82387866;3,50888329;54,07317979;114,0598727
2016;De 1 a 2;1659534;20818,36751;831,4502858;3376,17481;390,2529995;384,9490204;0,92451278;4,37946639;334,5050044;58,86228598;170,1081342;5,99592957;20,90011511;18,66369978;2,04278276;0,19363257;2727,460531;17110,28251;0,59793128;0,00000856;0,59792272;0,09057661;0,68757476;111,4072932;0,24246683;112,0141715;13824,76693;41,42808261;165402,191;512,9248667;24,01750961;0,38085585;5,12020796;245,758472;525,3643467;54,0719532;5,97807875;41,65649221;5,39650593;161,4029721;280,4220842
2016;De 2 a 3;4211265;102095,8967;3787,266394;8527,542006;1211,458024;1188,226372;4,33984097;18,89181091;1355,72928;278,3490043;753,5267542;43,64705577;116,3971336;104,2800109;11,16864915;0,9484735;16903,55082;81433,23861;26,78463261;0,000442;26,78419061;0,32362933;26,94679385;460,87632;15,89749769;454,6027311;46947,82662;101,3232161;433009,2356;950,8358673;60,13446923;1,16547856;18,29258946;881,6738801;1827,32876;184,7441989;20,10300236;86,30264959;10,86348547;463,2185927;515,3422588
2016;De 3 a 5;8006200;271490,3832;21242,51773;36976,66822;10281,41578;9968,453902;14,5559969;298,4058792;10508,28647;3722,902951;8043,403979;354,5262743;1496,88235;1353,9444;137,2092803;5,72866991;32444,13966;204638,8258;2965,146994;0,1270143;2965,01998;2,08434532;2956,071664;5360,48493;554,7580474;2995,287304;61415,36378;556,9724068;702534,7633;2801,597146;328,7450912;6,86749944;173,0798184;6769,297052;11383,68851;1510,636592;162,4411875;286,3810781;21,89905767;1577,673556;1043,66853
2016;De 5 a 7;4306826;210269,7911;19076,44337;38703,50747;8902,567971;8329,086243;8,57915999;564,9025675;6543,84399;4111,984093;9369,998734;587,4256552;1753,896668;1587,394492;161,3187333;5,18344314;23312,61205;155687,4619;7056,79365;0,66833968;7056,12531;5,79475144;7033,617109;9473,515174;1201,015965;3702,698335;52682,02583;1147,464068;495726,9921;3215,758725;567,9619218;9,21432971;254,2688273;7664,232722;12248,95566;1679,299199;175,2177945;359,6115426;22,82662324;1576,863111;1333,697069
2016;De 7 a 10;3240486;214588,8901;21516,7373;48475,45217;8880,504778;7935,489716;6,22170092;938,7933609;5138,195083;4202,620455;10440,49515;926,1126512;2143,373801;1935,098775;204,2902641;3,98476188;23048,49832;159809,0899;14237,06967;2,04387757;14235,02579;13,19954695;14199,08039;16217,00579;2279,835469;4403,235765;59406,79803;2071,059407;725344,6977;4444,446274;969,0569849;18,67293525;415,327325;8353,181227;13683,93899;2032,832844;215,9215458;508,701166;26,13181956;1913,830117;1313,854789
2016;De 10 a 15;2463231;225148,5083;25211,17233;65634,96467;10636,41796;8853,628255;6,02807586;1776,76163;4086,724141;3688,390469;11224,45011;1454,217752;2302,52384;2048,77607;250,4437792;3,30399096;16744,76896;175011,015;25161,07295;6,14635977;25154,92659;26,43626237;25101,96396;25425,32945;3248,91796;3723,639572;67886,81613;3160,428082;679625,9916;6479,205627;1708,861762;51,32908601;682,5928055;8212,163987;14007,19881;2168,171774;267,1653346;723,7300978;32,76256712;2446,981613;2436,689264
2016;De 15 a 20;1127791;137605,5179;17862,08421;49725,58883;8136,989492;6278,868517;4,2286895;1853,892285;1985,301482;1780,836063;7010,19002;1178,878862;1506,736889;1336,368092;169,4108925;0,95790407;5507,346854;110499,2382;19947,35862;8,76701114;19938,59161;27,42049052;19893,19643;19459,24492;2128,632496;1806,760058;46332,01562;2783,855884;504284,5074;5557,550583;1656,202543;36,06602984;548,5134115;4699,643738;8230,344892;1418,409313;182,283192;602,1357048;18,96265579;1878,421726;1454,420448
2016;De 20 a 30;1040830;166378,2489;25511,4828;74918,80112;11363,5161;8489,717291;5,72365475;2868,075152;1815,530338;1595,251289;8167,61942;1781,460312;1917,798321;1695,075178;221,800589;0,9225539;3705,794372;136031,2788;27892,23691;18,72431165;27873,5126;70,46519464;27830,5593;27077,67116;2572,179612;1973,630759;59086,94759;4870,669841;717131,4432;8616,742123;2530,76772;50,42454856;714,6838327;5152,050786;9445,259196;1837,69689;243,657725;952,7823117;38,63208232;2725,728766;2605,810109
2016;De 30 a 40;448309;91965,12858;16958,11917;53819,63086;6591,450217;4846,921142;3,31349098;1741,215585;767,3508605;666,5222515;4300,596158;1327,773849;1105,344383;972,0682085;132,9683182;0,30785605;1323,996595;75882,09427;16825,63615;16,77519078;16808,86096;75,4043719;16813,88082;16170,37787;1541,668367;1010,411691;34222,66099;3958,193722;467501,5518;7877,816668;1566,850225;16,8518139;384,4554277;2568,24745;4971,179865;1058,291682;145,9624263;679,4932105;17,81109745;1752,73494;2104,934615
2016;De 40 a 60;350535;86162,76345;21007,95972;71029,18033;6012,22577;4120,183015;3,46703059;1888,575724;610,0147938;535,494498;3696,911029;1689,821382;1011,412031;887,5384022;123,4419299;0,43169906;1019,478674;71587,40528;16548,57993;22,42921386;16526,15072;168,3421134;16625,33856;15600,56721;1687,697909;836,7483711;37434,81498;6180,27145;568559,2049;9724,419026;1708,485337;15,64682187;403,2010953;2417,051812;4326,11838;956,7793661;136,2940397;877,8510528;33,30685031;2006,799185;2619,198127
2016;De 60 a 80;125392;34644,33751;12050,20092;44138,07692;2111,789107;1265,376722;1,95325514;844,4591297;215,1237658;187,9311295;1380,361382;906,6486086;404,9063274;356,7772237;47,84222651;0,2868772;407,7040561;29029,87314;6884,200156;10,81238632;6873,38777;130,2651634;6977,111991;6356,712306;810,6741123;338,0443962;18528,41322;4385,373445;318158,4748;4872,519362;780,4530621;3,36551883;170,782096;1005,728611;1688,705053;388,050634;53,29815619;484,0470975;19,54500942;1125,738737;1956,942825
2016;De 80 a 160;124491;39257,0818;20505,64075;81460,55965;1796,39889;843,4206939;1,29351786;951,6846778;194,0703327;168,1936922;1353,356343;1475,876846;377,2582719;322,2888648;54,86467445;0,10473267;468,8152191;33423,11221;8141,738347;15,65076115;8126,087586;177,382543;8278,692642;7182,065056;1194,427541;374,6399877;30765,04906;9963,952582;571775,0668;8207,32446;916,994097;1,90601915;184,1068005;1092,209241;1720,238819;362,4489927;66,11251776;753,1621537;33,80008697;1886,028517;3990,669983
2016;De 160 a 240;28332;11542,24162;9119,025021;37186,19465;358,7731905;125,4976768;0,12149669;233,154017;41,61664834;35,10796023;336,6305471;738,8221309;88,71593379;71,36563289;17,3503009;0;113,8372382;9828,737972;2473,906256;5,7178378;2468,188418;33,50624954;2496,176103;2035,321137;469,3871809;87,30703391;14292,11338;5433,08788;252958,1319;3012,143538;228,1036389;0,25417464;42,14630539;285,6620989;453,5391387;88,06010452;28,12495821;228,0719798;14,17799426;771,1050253;2322,761578
2016;De 240 a 320;12151;6247,775319;5801,444234;23301,14271;155,4688384;47,34227568;0,04165588;108,0849068;17,88382086;14,4798375;154,3607261;597,9807044;42,70874198;35,14621912;7,56252286;0;50,48477108;5214,407879;1336,76844;3,63206453;1333,136375;11,48326274;1342,302422;1070,622793;267,6421631;41,79324943;8599,74599;3236,06881;165036,1427;1790,947247;106,7754139;0,07172783;17,31294915;128,4881178;215,4176972;45,66264901;10,1187374;127,7921152;13,43473275;631,2460085;1681,678339
2016;Mais de 320;24954;28399,99892;63206,32012;187775,1559;559,0016413;105,9689979;0,95833266;452,0743108;37,16754251;30,60264813;393,9202192;4643,804757;145,2907478;122,0418246;23,24892319;0;99,13393225;22491,07743;5987,016713;40,57308183;5946,443631;16,43335769;5957,625623;4461,066561;1312,730498;136,5577069;57201,77638;38511,42921;1310028,423;8379,239497;473,6837087;0,2033494;46,10520129;306,9070781;574,0770695;177,928132;36,45281143;562,2616454;48,18873213;6295,911427;23882,92213
2015;Até 1/2;1301366;254,3118069;46,15391915;113,071516;24,16208079;;;;318,995792;18,59037519;72,96426254;0,11617992;22,78398979;;;;30,19282237;201,9778433;0,02487521;;;;;20,51267097;0,00481283;20,49260859;27577,11755;0,79237636;136273,3161;;;;;;;;;;;;
2015;De 1/2 a 1;573674;4487,352118;91,64409665;341,2155052;110,5022343;;;;164,0150674;11,9407255;40,76955486;0,52800835;6,56609138;;;;629,4602821;3662,638462;0,08983262;;;;;13,03043141;0,03956936;12,98016815;4035,251785;4,14269363;38902,71361;;;;;;;;;;;;
2015;De 1 a 2;1227268;14525,20421;598,9612266;2553,348794;302,5516207;;;;521,2344785;51,7201951;187,2570678;4,94343419;23,07790283;;;;1933,646964;11898,47864;0,5248374;;;;;75,83195192;0,21197565;75,51909017;9654,024005;29,01933865;135711,9954;;;;;;;;;;;;
2015;De 2 a 3;3278035;73566,9369;2159,305506;6322,753777;920,9336909;;;;1654,021836;153,684902;502,2851767;21,5037519;64,12217369;;;;12217,85391;59225,93046;3,07818013;;;;;246,3123782;1,97581146;245,2100095;38544,34103;76,73824346;268681,648;;;;;;;;;;;;
2015;De 3 a 5;7403868;228922,0613;16831,55402;29606,02943;9109,708239;;;;11159,19232;2965,542974;6369,737216;267,3444152;1176,472316;;;;28344,32864;173204,9719;1718,443682;;;;;3534,675096;361,554985;2177,786399;54277,59995;394,282216;526419,8186;;;;;;;;;;;;
2015;De 5 a 7;4339708;192782,9062;16497,58207;32910,08785;8775,010626;;;;8280,977239;3928,254832;8116,919543;509,783229;1574,242569;;;;21177,18152;142605,7013;5135,309315;;;;;7179,094611;942,3830482;2986,168344;50840,66885;980,8230005;443328,0948;;;;;;;;;;;;
2015;De 7 a 10;3352450;202073,0424;18801,27596;42626,94572;8679,511031;;;;6930,077961;4285,141102;9729,022083;847,0475872;2088,902064;;;;22045,44233;149355,6659;11209,07686;;;;;13396,68529;1853,336101;4040,944536;55729,89894;1838,571557;496954,3858;;;;;;;;;;;;
2015;De 10 a 15;2536352;211126,7627;21922,36943;58535,45119;9543,090864;;;;5248,75744;3843,191856;10372,31689;1352,796024;2287,295299;;;;18268,17578;161671,7683;21060,7896;;;;;22019,97405;2847,617664;3806,809939;65623,41751;2927,898926;604905,3942;;;;;;;;;;;;
2015;De 15 a 20;1180520;130938,0136;15647,49925;45710,24887;7388,860761;;;;2427,837972;1907,724168;6615,272895;1099,498908;1511,02352;;;;6479,007256;104189,3873;17784,07836;;;;;17648,78295;1962,994115;1827,698699;46772,78946;2618,874938;445973,2353;;;;;;;;;;;;
2015;De 20 a 30;1086611;157913,5552;21738,68063;69413,59938;10701,81944;;;;2198,648687;1740,07212;7688,822024;1686,756809;1971,587493;;;;4290,104484;128492,0024;25414,35077;;;;;24849,70778;2409,237742;1844,594752;58664,30755;4487,872193;622921,8098;;;;;;;;;;;;
2015;De 30 a 40;489421;92454,10118;14777,26524;51598,7081;6838,284271;;;;960,9437402;758,2505454;4411,098967;1271,304683;1205,637714;;;;1499,23625;76123,78396;16530,62047;;;;;16021,71731;1493,956708;985,0535414;35691,35004;3722,956105;426299,4644;;;;;;;;;;;;
2015;De 40 a 60;389811;89905,37522;18317,99822;69381,54243;6470,915582;;;;764,5065078;601,9656091;3898,960525;1686,472107;1163,488298;;;;1159,738382;74662,05225;17117,65423;;;;;16284,89395;1663,551149;830,7908649;36411,35575;5804,077408;524434,108;;;;;;;;;;;;
2015;De 60 a 80;142916;37609,74001;10550,23331;44526,70839;2424,772048;;;;285,5976176;223,6339103;1510,660137;906,8563968;480,9847094;;;;455,6092618;31509,44554;7472,145234;;;;;6982,680168;825,1971841;335,7321185;20141,92579;4240,775569;303921,5845;;;;;;;;;;;;
2015;De 80 a 160;141451;40986,5529;18426,77085;84342,72011;1983,153718;;;;263,5179662;194,4025467;1495,700953;1444,163628;446,0445315;;;;536,8938963;34862,06715;8503,614086;;;;;7726,641382;1129,229878;352,2571749;30233,89052;9890,876344;533681,1466;;;;;;;;;;;;
2015;De 160 a 240;32329;11540,15212;8268,653059;39315,33115;371,9304606;;;;57,275139;40,35067011;373,2834927;717,5429818;105,0104016;;;;133,9818699;9808,240525;2466,323599;;;;;2123,608656;428,4317027;85,71676059;16349,07651;5515,574639;245036,5486;;;;;;;;;;;;
2015;De 240 a 320;13753;6062,943094;5447,251316;24336,67762;165,5132782;;;;24,39568284;16,89935696;177,5115875;484,6251576;50,6155994;;;;57,3813961;5125,309229;1309,095434;;;;;1098,658806;251,5825393;41,1459113;7827,390867;3485,128011;151526,2001;;;;;;;;;;;;
2015;Mais de 320;29311;27541,35981;62826,24599;207571,9047;552,586069;;;;54,29705928;37,53314234;468,8993754;4344,546643;218,5987621;;;;117,6325793;21878,59313;5774,535674;;;;;4925,301205;1005,049299;155,8148311;101762,4595;43618,25623;1288419,118;;;;;;;;;;;;
2014;Até 1/2;1173389;205,4074643;37,11259541;74,59722391;23,29356659;;;;135,806847;14,19964541;59,54512429;0,05517592;13,58377223;;;;22,78323555;164,8324961;0,01196594;;;;;16,20126618;0,0023787;16,19167894;8676,937057;;129908,1549;;;;;;;;;;;;
2014;De 1/2 a 1;501551;3658,401224;73,39154619;233,5960215;107,2227998;;;;67,67806716;9,41557931;32,8939179;0,37867878;4,31347599;;;;487,1285978;3003,602265;0,06525385;;;;;11,18778582;0,03226616;11,15479813;3260,787043;;29092,9719;;;;;;;;;;;;
2014;De 1 a 2;1067416;11796,58251;489,0250714;1802,526232;253,1948659;;;;230,266736;40,25019356;131,5950804;4,31219025;17,94983185;;;;1488,50737;9731,087674;0,36803997;;;;;66,10406084;0,1215865;65,85760737;9298,508873;;73169,1417;;;;;;;;;;;;
2014;De 2 a 3;2744805;55670,56495;1718,004517;4570,772562;797,8830143;;;;633,1305503;118,9734908;357,0888835;27,57926369;46,76455005;;;;8571,105978;45311,25325;2,14123953;;;;;203,6666104;1,30629783;202,8316687;18845,34566;;185521,3369;;;;;;;;;;;;
2014;De 3 a 5;8192562;235060,2507;15140,71271;24223,61917;8026,002422;;;;8152,273147;2605,346619;5313,710278;381,5955918;1009,17377;;;;31474,59882;179437,171;1375,981951;;;;;2913,713677;320,3327256;1858,064451;55543,5352;;545991,889;;;;;;;;;;;;
2014;De 5 a 7;4396494;181750,3561;15405,33557;28390,88152;8329,124026;;;;6800,870481;3748,614754;7371,354034;689,7896067;1469,778239;;;;19825,34733;134292,1553;4344,384319;;;;;6130,361358;854,4676539;2640,444693;57553,49636;;412820,6948;;;;;;;;;;;;
2014;De 7 a 10;3403789;191033,2249;17617,04632;37252,20075;8212,570019;;;;5612,080205;4231,510504;9200,146757;1108,121762;2007,33292;;;;20554,99427;140538,972;9717,489938;;;;;11723,52398;1695,63462;3701,668663;74415,87439;;456989,6699;;;;;;;;;;;;
2014;De 10 a 15;2563655;198745,7759;20275,13772;51851,39755;8679,506019;;;;4233,766325;3809,881961;9645,825137;1672,176812;2181,244439;;;;17709,68289;151171,0135;18777,92121;;;;;19753,71709;2665,534163;3641,345783;61967,23948;;553459,8033;;;;;;;;;;;;
2014;De 15 a 20;1187329;122398,7093;14179,13694;41075,78249;6631,389628;;;;2072,299268;1889,32013;6090,95733;1278,633283;1432,014732;;;;6417,784255;96903,18099;16104,80199;;;;;15959,93443;1863,404897;1718,537329;43586,99511;;407383,8999;;;;;;;;;;;;
2014;De 20 a 30;1087582;147062,5901;19372,41187;62696,25085;9574,734338;;;;1919,645687;1716,119021;7016,515288;1910,339074;1868,149893;;;;4255,858944;119309,1187;23230,09394;;;;;22626,16681;2330,147724;1726,220592;55803,61776;;571284,3936;;;;;;;;;;;;
2014;De 30 a 40;501726;88967,53983;13151,67471;47705,52108;6459,814226;;;;872,747957;764,7483291;4118,871744;1366,175343;1187,259027;;;;1503,502522;73161,99263;15751,60833;;;;;15234,48403;1446,417814;929,2935213;32274,2176;;398958,0719;;;;;;;;;;;;
2014;De 40 a 60;400429;86053,69194;16158,5604;64929,25403;6053,065522;;;;696,4179427;610,4951088;3621,043107;1784,377572;1150,952645;;;;1166,085889;71352,33713;16215,22408;;;;;15321,78754;1654,365963;760,9296617;34543,75241;;484230,8873;;;;;;;;;;;;
2014;De 60 a 80;143650;35033,82078;9318,981312;41211,69783;2128,60075;;;;246,818027;217,3148315;1372,603247;953,9619373;460,7495232;;;;460,4003824;29320,23718;6906,675766;;;;;6410,13102;797,3806738;300,9446938;17331,16368;;271660,7287;;;;;;;;;;;;
2014;De 80 a 160;142095;38735,03258;16054,56709;78039,56783;1860,790979;;;;221,3797171;190,9244321;1356,691108;1431,300141;440,0821635;;;;517,627982;32903,3297;8002,404201;;;;;7238,436956;1088,303112;324,3358673;27129,37684;;470262,5451;;;;;;;;;;;;
2014;De 160 a 240;32626;10930,86723;7221,507231;36702,272;356,4193508;;;;47,05957944;40,49812553;333,2157279;668,184342;105,1884648;;;;131,6845028;9300,897167;2332,783631;;;;;2007,088241;405,1366012;79,44121088;12006,53474;;217147,5411;;;;;;;;;;;;
2014;De 240 a 320;13552;5417,149924;4523,17774;22467,59762;151,0017068;;;;18,86955;15,86678181;151,0043346;458,7665398;53,58896009;;;;55,75298905;4537,871905;1157,741197;;;;;972,1796076;221,5745865;36,01299675;6799,869963;;149247,0506;;;;;;;;;;;;
2014;Mais de 320;28433;24987,89781;54719,00187;193943,2092;471,7253221;;;;40,74313236;33,41249874;404,5629668;4367,120672;198,3456585;;;;110,5040206;19453,88512;5127,380554;;;;;4287,532706;967,0340521;127,1862039;44860,20528;;1104750,525;;;;;;;;;;;;
2013;Até 1/2;1268688;209,8412664;34,97142177;64,80845773;31,09505905;;;;140,7794572;13,25903192;47,93346538;0,05429146;19,99750393;;;;23,12753987;168,9871156;0,03248809;;;;;11,32690099;0,00229666;11,9020098;7663,465058;;91710,70423;;;;;;;;;;;;
2013;De 1/2 a 1;518341;3570,932047;70,46560004;214,9519897;101,8180892;;;;67,23132756;9,43508519;28,65266783;0,33991053;5,43505131;;;;472,4989671;2934,117591;0,05694209;;;;;11,29564767;0,02475942;11,41301112;2846,022232;;28847,87803;;;;;;;;;;;;
2013;De 1 a 2;1075827;11489,8165;462,1932325;1595,360359;253,8057353;;;;225,0027965;37,43331853;118,5054962;4,24279221;14,66655804;;;;1443,228351;9503,575411;0,365765;;;;;64,64201863;0,14009322;65,09848808;6857,757351;;63828,27807;;;;;;;;;;;;
2013;De 2 a 3;2692915;52210,32757;1588,066837;4045,023596;845,7165785;;;;614,9007472;109,3410391;340,6759979;29,1116716;45,46462909;;;;7947,077347;42586,91156;1,88197238;;;;;186,8035741;1,14833905;189,0395595;47395,74835;;162664,6752;;;;;;;;;;;;
2013;De 3 a 5;7882026;215199,9003;13690,81097;21127,66919;7806,721093;;;;7717,516263;2448,585678;4779,403807;363,6757558;967,5443634;;;;28718,92958;164146,2635;1180,959262;;;;;2534,934522;283,5261287;1664,442253;51170,11907;;489763,4602;;;;;;;;;;;;
2013;De 5 a 10;7300376;331748,0655;29400,12789;57666,97845;15405,95054;;;;11858,24913;7602,954267;15148,86445;1782,74;3259,61743;;;;34940,49929;243230,7631;12135,90713;;;;;15419,10821;2250,850025;5680,13893;89089,03986;;757644,069;;;;;;;;;;;;
2013;De 10 a 20;3522174;285867,4949;30799,37571;82919,92866;13761,35001;;;;5944,31502;5358,651052;14146,33033;3016,371538;3442,329027;;;;21328,74737;219627,635;30517,32187;;;;;31284,3146;3945,665035;4955,418579;93949,29145;;863634,4504;;;;;;;;;;;;
2013;De 20 a 40;1507344;212059,5279;29273,56939;99738,68158;14291,41853;;;;2628,251904;2337,694986;9941,366724;3186,025622;2931,961745;;;;5257,990253;172428,6961;34793,94632;;;;;33546,95824;3416,325758;2415,251851;77849,08122;;946214,9766;;;;;;;;;;;;
2013;De 40 a 80;518567;109013,0396;22815,39258;96755,76998;7299,858194;;;;883,6423934;769,3679622;4451,194203;2507,368379;1518,794799;;;;1501,6942;90550,64956;20764,62632;;;;;19223,0268;2192,856767;998,7396743;46862,44515;;703606,2391;;;;;;;;;;;;
2013;De 80 a 160;136718;34452,13827;14716,5837;72002,39625;1611,896791;;;;205,1072432;175,4448947;1212,531627;1281,376003;401,5011007;;;;482,3442865;29216,47765;7074,280661;;;;;6191,142239;971,9409879;299,7136426;27084,97035;;453223,1621;;;;;;;;;;;;
2013;Mais de 160;71440;37384,21782;64509,89153;196039,6932;953,3476775;;;;100,1340037;82,53737854;804,2399383;4919,100542;336,5937027;;;;269,6317477;30117,87804;7763,010295;;;;;6328,832372;1500,597297;212,3704999;58130,50937;;1264339,806;;;;;;;;;;;;
2012;Até 1/2;1382975;187,105132;29,35019276;55,86412245;41,47730034;;;;119,0637677;10,18252802;35,66295607;0,05734577;16,56777123;;;;20,37009204;152,3754225;0,00724804;;;;;37,47685761;0,00209609;37,83544195;10726,49967;;84309,10302;;;;;;;;;;;;
2012;De 1/2 a 1;500658;3166,138915;57,60154754;183,7232806;94,07553515;;;;56,31111552;6,46436239;20,19955986;0,32741055;3,81991964;;;;417,214551;2611,550498;0,04247473;;;;;10,0611866;0,01806908;10,13574768;2055,452753;;22656,50338;;;;;;;;;;;;
2012;De 1 a 2;1047405;10255,35984;385,2294536;1333,135743;219,5448769;;;;198,7516186;29,59010266;93,34645754;3,65490875;18,52027381;;;;1278,195767;8520,989803;0,29313313;;;;;51,99205664;0,09731479;52,37577799;5602,097537;;55096,2334;;;;;;;;;;;;
2012;De 2 a 3;2185271;37732,06808;1150,077295;3173,244989;616,1156805;;;;485,7436003;80,26859182;220,9013194;18,30978038;28,29736114;;;;5299,097931;31146,16634;1,19259115;;;;;141,9688771;0,65937692;143,3814755;9849,041551;;119589,8353;;;;;;;;;;;;
2012;De 3 a 5;7783384;196466,6996;10106,99615;17519,49763;5785,472957;;;;6668,272016;1978,172261;3549,502951;302,1132927;754,1605562;;;;27329,39247;150879,8433;837,8292628;;;;;1959,22359;213,4312196;1357,027597;68941,29602;;451574,2569;;;;;;;;;;;;
2012;De 5 a 10;7218899;303518,0656;21585,44792;50149,66637;13634,3288;;;;11732,1492;7190,812254;13469,83021;1600,239705;2898,996833;;;;31655,69808;222120,7533;10063,17307;;;;;12870,17857;1912,673747;4847,201661;95320,94575;;673457,3888;;;;;;;;;;;;
2012;De 10 a 20;3471099;261676,832;22562,76687;72667,98927;12066,72637;;;;5874,430626;5250,247513;12923,31102;2720,110721;3024,472632;;;;20413,38093;199981,5155;26820,73091;;;;;27164,05782;3686,179463;4251,740243;81023,20851;;742830,3708;;;;;;;;;;;;
2012;De 20 a 40;1527419;201719,2605;23152,9271;87897,51088;12975,67514;;;;2680,627108;2403,606565;9328,905678;2913,502247;2830,721819;;;;5312,122379;164037,2565;32816,23658;;;;;31422,20084;3343,844983;2188,461716;68312,87512;;766157,543;;;;;;;;;;;;
2012;De 40 a 80;540427;109063,6974;20047,31465;86791,05655;7159,018711;;;;906,8427667;797,2652177;4312,45994;2387,518511;1538,903317;;;;1493,646204;90895,99082;20878,63056;;;;;19350,98916;2164,696371;967,0372059;41115,68085;;603812,2239;;;;;;;;;;;;
2012;De 80 a 160;142576;35900,60528;13258,81199;65089,92853;1701,678098;;;;209,7231629;178,1995986;1183,540962;1148,430586;417,2038145;;;;477,973867;30724,61471;7495,286099;;;;;6608,256068;990,3151377;293,4468925;22822,12002;;380634,8585;;;;;;;;;;;;
2012;Mais de 160;73743;37070,197;69091,01193;181507,3466;982,0941567;;;;101,2221725;83,1917565;786,5343315;4381,458859;332,2992399;;;;267,1397172;30302,90642;7832,225989;;;;;6475,578604;1447,473756;226,0253655;52244,91014;;1183495,318;;;;;;;;;;;;
2011;Até 1/2;1423833;168,9255529;24,39336453;49,52603513;20,90228162;;;;120,6213901;6,70740532;28,26386043;0,04176616;21,92039415;;;;18,20370806;137,8764836;0,00270171;;;;;21,08000736;0,00128223;21,39766896;5814,261782;;73788,3433;;;;;;;;;;;;
2011;De 1/2 a 1;495904;2748,906382;47,00351919;170,422999;84,2831506;;;;51,6722058;4,67861617;12,74886372;0,21182571;2,41543048;;;;364,9475437;2268,518796;0,02679814;;;;;9,76132992;0,01136901;9,82313875;1681,512655;;19803,50268;;;;;;;;;;;;
2011;De 1 a 2;970222;8303,88303;307,9733422;1139,395184;176,7998072;;;;168,1250501;20,61036326;62,22954513;2,97906577;7,44370237;;;;1040,489378;6906,996564;0,22026209;;;;;43,76048185;0,07468086;43,92339545;3570,293696;;42752,69667;;;;;;;;;;;;
2011;De 2 a 3;1853697;28287,66522;807,3784134;2377,027177;457,1313881;;;;369,4340682;50,57541477;127,4045901;11,18945992;18,40743405;;;;3720,695679;23655,8698;0,58534321;;;;;105,6386518;0,24031101;106,2359222;7532,924888;;89547,32615;;;;;;;;;;;;
2011;De 3 a 5;7071437;160485,326;7727,60407;13569,85829;4202,74845;;;;5062,113134;1269,82459;2233,804777;200,5011608;512,6573913;;;;23205,03378;124389,2931;408,0982498;;;;;1297,311542;112,9449767;1017,383976;123877,7525;;364008,1097;;;;;;;;;;;;
2011;De 5 a 10;7122696;263331,1082;18424,97444;42268,75642;12258,95726;;;;11402,08398;6284,066452;11276,0037;1273,97961;2365,973638;;;;26938,74832;192164,9714;6968,315332;;;;;9549,047659;1368,648702;4052,979057;142111,7084;;575691,2358;;;;;;;;;;;;
2011;De 10 a 20;3530545;234960,2383;19901,54274;63021,95643;10908,05754;;;;5918,902365;5107,167143;11754,24183;2351,323955;2674,349217;;;;19544,56849;177180,0403;21613,73162;;;;;22561,25868;3022,985057;4168,671896;81541,65321;;640054,7423;;;;;;;;;;;;
2011;De 20 a 40;1586574;186306,0176;20957,89912;76894,24146;11728,88189;;;;2759,666159;2464,228045;8617,266697;2668,083824;2638,391618;;;;5661,922785;150396,9462;29152,63774;;;;;28161,91403;2983,465497;2218,335997;64493,56215;;659766,267;;;;;;;;;;;;
2011;De 40 a 80;603584;112112,2112;19624,51148;78512,04237;7633,654079;;;;1000,286603;865,7312991;4508,352892;2295,576159;1649,780429;;;;1562,306455;93074,43728;21172,87095;;;;;19919,01851;2080,978991;1078,626976;41119,07215;;557300,1597;;;;;;;;;;;;
2011;De 80 a 160;158763;36978,70253;13079,05106;59604,68854;1895,424298;;;;230,7288233;191,2311824;1255,61173;1085,681955;445,364533;;;;493,3170786;31519,82571;7634,397693;;;;;6905,584722;920,7935302;343,1963052;20169,32052;;348498,0881;;;;;;;;;;;;
2011;Mais de 160;80930;36244,59587;82126,01251;183149,1515;1008,171142;;;;109,0435658;87,0977522;773,795454;3827,490853;337,6789843;;;;280,1475095;29971,54602;7717,882921;;;;;6445,523287;1391,011235;242,7269616;46683,66237;;1074003,51;;;;;;;;;;;;
2010;Até 1/2;1483437;169,853382;21,22857176;47,62885224;32,54542079;;;;119,0897042;6,87285393;21,79969647;0,02564186;7,37832456;;;;17,73922543;139,8603624;0,00100673;;;;;16,62693678;0,00002532;16,94850711;6067,698638;;57543,01968;;;;;;;;;;;;
2010;De 1/2 a 1;522474;2720,968367;42,34145455;173,0227912;76,17908685;;;;50,71140432;4,35275615;11,57575678;0,29700912;14,16868618;;;;364,1341618;2246,977264;0,00419256;;;;;8,26696504;0;8,32220379;1379,807724;;17365,12229;;;;;;;;;;;;
2010;De 1 a 2;1032184;8369,402809;288,4873325;1138,377982;167,4922838;;;;164,5100813;19,73786047;52,66996233;2,05604398;7,4833675;;;;1046,094777;6980,082084;0,00847186;;;;;49,70080211;0,00041537;49,9209358;3091,882646;;39522,8537;;;;;;;;;;;;
2010;De 2 a 3;1928144;27802,52035;731,5851418;2355,078154;425,719727;;;;366,4190095;49,24910598;110,3255324;11,01927559;19,85112265;;;;3674,246483;23254,95207;0,05506492;;;;;114,9505744;0,01854898;115,7189633;6544,300489;;81210,15833;;;;;;;;;;;;
2010;De 3 a 5;6794781;144414,0512;6848,719681;12688,25397;3970,590621;;;;4765,779805;1143,345264;1992,274206;176,1714204;480,1804715;;;;20615,69164;111964,0729;303,2161196;;;;;1050,08061;93,61775706;854,3148842;146671,3377;;323298,1843;;;;;;;;;;;;
2010;De 5 a 10;6672144;230350,3043;15623,83438;37934,01077;11370,34311;;;;10903,38772;5972,308843;10199,28623;1142,609581;2163,395708;;;;22580,30925;166819,7689;5610,382815;;;;;7752,746368;1173,390865;3408,550794;119999,7732;;510417,3829;;;;;;;;;;;;
2010;De 10 a 20;3290290;205362,1895;16582,74624;55753,4311;10414,29416;;;;5598,42403;4860,126971;10901,50431;2104,324963;2435,780736;;;;16762,70941;152916,4381;18000,53585;;;;;19041,19368;2604,835536;3821,446168;68107,77972;;563781,1129;;;;;;;;;;;;
2010;De 20 a 40;1471436;162617,4478;17093,17284;67077,59977;10874,57273;;;;2575,450023;2339,266343;7827,097758;2433,128298;2426,766608;;;;4849,546803;129933,6705;24900,15387;;;;;24262,20845;2626,038358;2175,648576;51786,74137;;575865,5775;;;;;;;;;;;;
2010;De 40 a 80;556854;99156,9933;15419,45877;66371,64582;7147,004059;;;;928,5951787;819,7385415;4025,151891;2010,797365;1571,768487;;;;1305,472636;81856,59491;18559,72052;;;;;17661,82642;1783,695104;1098,958195;32747,32009;;480246,9409;;;;;;;;;;;;
2010;De 80 a 160;140574;31341,59243;9955,755278;49531,58271;1686,84387;;;;202,8329593;172,5062063;1085,315167;930,2140284;404,4850627;;;;405,2571074;26592,05581;6417,984896;;;;;5852,331624;780,8311608;344,3392201;16383,05699;;292602,5408;;;;;;;;;;;;
2010;Mais de 160;70665;30298,9052;54432,59369;151288,1543;893,5850545;;;;94,97809872;76,91111229;642,5560728;3289,131605;296,1015949;;;;226,5891117;24922,10902;6409,420906;;;;;5410,213318;1156,663344;252,9832948;36529,77673;;881772,0691;;;;;;;;;;;;
2009;Até 1/2;1801664;163,9473379;24,30930804;96,11248141;15,24228325;;;;142,8168407;7,40032639;24,49127943;0,0320135;7,92392499;;;;17,45533206;136,8047368;0,30056587;;;;;32,58404292;0,0473627;32,79756698;4292,507046;;57406,40118;;;;;;;;;;;;
2009;De 1/2 a 1;538508;2511,74376;38,25602548;172,8813849;98,05111765;;;;49,1052914;4,56106183;19,39353018;0,21451236;2,28102831;;;;343,2657517;2071,098731;0,07624084;;;;;10,49554012;0,00849186;10,48771049;1482,068507;;15805,73972;;;;;;;;;;;;
2009;De 1 a 2;1069574;7610,428307;265,9052758;1101,904352;212,2472212;;;;158,7636413;18,1579181;39,30779511;1,66529072;6,64804517;;;;962,0128552;6336,277124;0,23426265;;;;;38,52003554;0,01305061;38,66468082;2283,759117;;34943,4059;;;;;;;;;;;;
2009;De 2 a 3;1809431;22966,98701;639,0043631;2217,145228;371,7971686;;;;341,4486162;43,06767657;91,3723509;8,81473865;30,45319067;;;;2903,579558;19281,22283;0,98928495;;;;;87,99793071;0,02656392;88,45709418;5990,502448;;67073,92297;;;;;;;;;;;;
2009;De 3 a 5;7406009;142890,2484;6547,320261;11763,4664;3847,747147;;;;4686,649131;955,2801993;1728,497675;133,5503387;435,6461739;;;;19852,03087;111780,153;170,6553642;;;;;813,618812;56,67239043;712,6940625;47131,6668;;302698,9064;;;;;;;;;;;;
2009;De 5 a 10;6429074;202625,5895;13523,84805;33275,41749;10536,28857;;;;10581,24314;5545,558029;10386,15465;994,7703332;1939,270707;;;;18559,31526;144769,224;4134,275372;;;;;6131,161566;886,0625932;2958,426275;45390,44453;;447474,8745;;;;;;;;;;;;
2009;De 10 a 20;3160810;180659,8374;13965,83063;48586,95688;9219,82594;;;;5404,888156;4591,220335;11340,99292;1878,21329;2099,27878;;;;14436,47729;132025,79;14450,7597;;;;;15718,30701;2155,557384;3566,640177;97132,1685;;499068,4284;;;;;;;;;;;;
2009;De 20 a 40;1429716;146865,8759;14123,33199;58186,63195;9764,323674;;;;2488,576371;2279,569566;7966,285339;2240,535971;2232,129566;;;;4453,762225;116080,5134;21810,96775;;;;;21251,06306;2373,67967;1965,126649;41573,23729;;503163,4914;;;;;;;;;;;;
2009;De 40 a 80;539949;91458,89785;12380,12728;56960,70483;6579,397368;;;;900,2025301;804,6890471;3984,110836;1828,839985;1408,899024;;;;1148,482572;75266,75822;16916,60388;;;;;15908,55564;1737,332514;895,6642296;30785,20048;;427333,3344;;;;;;;;;;;;
2009;De 80 a 160;134233;29645,16687;8094,137498;42018,57089;1564,389721;;;;194,7444064;167,5393447;1039,208368;799,4519672;378,7259274;;;;353,7746421;25276,12511;6058,353568;;;;;5425,340856;759,3127424;277,097083;13118,50297;;258703,9696;;;;;;;;;;;;
2009;Mais de 160;64646;26908,90587;41500,85459;123103,7766;765,8900519;;;;86,6307456;70,25889268;586,7037034;2872,668723;259,9678763;;;;188,8457311;22202,7934;5682,650588;;;;;4815,03227;950,6233287;170,3958635;30594,81531;;739289,3529;;;;;;;;;;;;
2008;Até 1/2;2483264;204,7473105;18,09736176;65,83065323;15,7951944;;;;126,3711346;6,39095851;19,34603345;0,03890052;6,2699754;;;;23,88784676;173,891479;0,8072387;;;;;10,69038017;0,07920255;10,53405861;3782,07661;;58988,05443;;;;;;;;;;;;
2008;De 1/2 a 1;700637;2927,871803;38,46859628;185,7157107;50,79007073;;;;46,02294951;3,68805876;8,17121249;0,27173428;1,69403544;;;;430,7456123;2411,465994;0,37451321;;;;;8,98214909;0,02561059;8,96031953;997,7332617;;17305,2647;;;;;;;;;;;;
2008;De 1 a 2;1361844;8623,903796;275,6783301;1222,517014;124,7278052;;;;148,5049888;14,49437944;29,1444915;1,45333406;5,0173333;;;;1164,092586;7178,134371;1,79356228;;;;;41,89250046;0,01436047;41,99210132;2105,553322;;34480,85949;;;;;;;;;;;;
2008;De 2 a 3;1913832;21460,08209;604,2082224;2192,657035;305,3457887;;;;297,9486503;35,02823934;67,87755134;7,42321781;12,89394442;;;;2839,050084;17956,76236;4,92675477;;;;;95,38943486;0,07838949;95,88719204;3716,819831;;60762,42661;;;;;;;;;;;;
2008;De 3 a 5;7371132;129178,3045;5378,708354;10541,48355;3008,62448;;;;3714,774155;664,4797337;1199,908383;99,23732596;307,4758097;;;;18371,75045;102209,9406;154,4546201;;;;;953,6417903;52,13419062;879,5407109;21169,14697;;273884,4453;;;;;;;;;;;;
2008;De 5 a 10;6501415;182612,5824;12024,90811;30106,43981;9850,268275;;;;11077,54448;5480,263678;10258,11378;859,7419506;1718,203294;;;;15320,01423;128486,9322;4623,351521;;;;;6978,769925;898,611735;3327,980791;36142,3126;;392524,4378;;;;;;;;;;;;
2008;De 10 a 20;3207904;164024,2302;12601,34607;43914,23707;8651,705109;;;;5714,745105;4826,645339;12002,39151;1707,096403;1996,573292;;;;12675,84732;116769,915;13630,3887;;;;;15514,87774;1840,848569;3853,293888;40317,28636;;435564,9685;;;;;;;;;;;;
2008;De 20 a 40;1458385;133919,6334;13066,14213;52706,27945;8654,767471;;;;2557,271055;2381,092038;8149,994337;2072,277217;2084,531533;;;;4367,436758;104120,1133;20052,42805;;;;;20134,11386;1952,58713;2183,631967;35871,64042;;443408,0733;;;;;;;;;;;;
2008;De 40 a 80;555554;85075,79874;11657,50515;52143,51406;6017,580495;;;;914,6385644;833,4825582;4015,607979;1738,519347;1305,013896;;;;1120,461564;69520,89563;15882,038;;;;;15343,98522;1378,845914;978,2812087;22117,71903;;376576,4989;;;;;;;;;;;;
2008;De 80 a 160;146930;30383,57839;8001,293418;39687,98706;1683,625228;;;;209,4522612;181,7342776;1137,802683;754,3567839;407,7685058;;;;346,2275996;25793,45054;6273,968958;;;;;5842,205885;629,6153802;314,176055;11633,55872;;235826,4943;;;;;;;;;;;;
2008;Mais de 160;71458;28248,30591;50198,6197;130391,5836;771,7617503;;;;92,82532104;75,36513232;622,8311393;2624,573123;261,4661233;;;;188,8604097;23722,13494;6131,438493;;;;;5342,532462;873,9523145;188,5965215;33930,43071;;696508,7435;;;;;;;;;;;;
2007;Até 1/2;2675969;202,6453456;6,21015665;31,80111308;7,58910253;;;;81,84462927;3,85012011;10,75859626;0,07736353;3,79888475;;;;33,74121659;173,6274922;1,40303029;;;;;33,79340605;0,1656935;32,30835026;4234,889041;;54982,27235;;;;;;;;;;;;
2007;De 1/2 a 1;754806;2882,244831;11,50501989;54,06265286;26,40657023;;;;32,99195872;2,01720158;4,91477273;0,12918192;1,15048972;;;;492,865758;2339,662818;0,44262159;;;;;11,26422795;0,02847543;11,22668563;1210,906275;;15576,75505;;;;;;;;;;;;
2007;De 1 a 2;1387296;8084,057081;61,86709032;293,4289665;64,36043492;;;;106,9709768;9,07393372;17,32379089;1,08945756;3,59515191;;;;1310,289403;6595,202412;2,23660066;;;;;40,51805845;0,04737925;40,49369981;1677,211528;;31186,33806;;;;;;;;;;;;
2007;De 2 a 3;1788915;18276,99261;134,0159164;555,1211652;171,5592621;;;;206,9351539;22,86433113;40,9093232;4,65544475;8,83061318;;;;2911,20862;14957,47181;4,97418716;;;;;83,47625385;0,12955285;83,61526226;2935,521354;;51196,63882;;;;;;;;;;;;
2007;De 3 a 5;7116435;116116,1546;1356,296261;2859,830806;1952,42286;;;;2804,01575;441,1807481;782,3427677;63,19938151;223,8633346;;;;18109,27439;91990,3818;93,97923631;;;;;797,5361974;30,63223044;763,5542067;16871,13973;;243477,1695;;;;;;;;;;;;
2007;De 5 a 10;6313828;163031,2182;6080,962723;10747,54176;8730,931452;;;;10839,88282;5012,771095;8772,179277;694,5263573;1537,504757;;;;13777,46962;114061,3792;3588,178416;;;;;5741,051923;732,1371674;2929,958688;32615,88192;;354997,6429;;;;;;;;;;;;
2007;De 10 a 20;3069370;144909,8841;6295,57978;19284,78187;7658,039539;;;;5604,171044;4631,020302;10864,63969;1505,864301;1821,071976;;;;11166,0583;101912,1426;11259,96149;;;;;13049,53352;1582,59909;3441,55271;43657,7641;;388581,4729;;;;;;;;;;;;
2007;De 20 a 40;1387523;118003,3438;7871,254171;28304,71917;7533,314018;;;;2489,211143;2330,19128;7639,668236;1913,645925;1912,899428;;;;3944,311191;90642,26491;17093,18743;;;;;17320,19603;1711,611342;2010,107439;28143,35801;;393465,4909;;;;;;;;;;;;
2007;De 40 a 80;525827;75093,39383;8234,650723;32195,03498;5363,125879;;;;881,5358253;816,7952111;3744,768484;1542,057375;1204,849162;;;;974,47803;60888,55564;13802,95397;;;;;13463,4158;1178,589223;910,843829;18473,25804;;328644,0291;;;;;;;;;;;;
2007;De 80 a 160;138203;26609,17215;5776,843322;25928,92381;1513,918917;;;;201,2014158;177,5692056;1072,704098;673,1830779;367,4683656;;;;293,2768002;22429,59252;5426,45319;;;;;5091,659589;549,0747669;273,9603096;9873,404627;;207546,4842;;;;;;;;;;;;
2007;Mais de 160;66596;23642,85094;41617,54117;90734,34008;670,8197407;;;;86,93115576;71,58386488;597,7148412;2350,610798;237,8555098;;;;154,0499542;19584,45291;5037,837281;;;;;4358,09029;793,410363;159,5106466;28733,23479;;591844,6152;;;;;;;;;;;;
