income,filing_status,state,compliance_score,deductions,tax_paid,refund_claimed,is_fraudulent
0.5329361979802764,Married Filing Separately,PB,1.0878051804606728,1.4237164770631137,0.20247004379639003,-0.5010516593366943,0
-0.49720469609692053,Head of Household,ES,-1.8282939261763935,-0.8974975266017787,-0.14491482331138822,-0.6522426900561159,1
-0.22206537103558424,Married Filing Separately,MA,1.2303457467694683,-0.5325323037609058,-0.3512474609216311,-0.5806861673066963,0
-0.6470305353978809,Head of Household,ES,0.6855079476297572,-0.8873439359618275,-0.999420752450635,-0.488126696597394,0
-0.14656159372207295,Single,PI,0.4069388205795734,0.6428208158527816,-0.354743088753804,1.1149321364948688,0
0.49301968408822183,Married Filing Jointly,AP,-2.458621137233082,-0.4037733288958142,0.9530928171414762,5.784609782460934,1
26.37025761527105,Single,AP,-0.3332591455823449,4.22323916936545,2.3115675374706606,-0.23487701388655247,0
0.3482948433423652,Single,AM,0.4025974835346353,-0.22143400362851623,-0.4337971855399442,-0.4454339669088736,0
-0.40968100666661933,Married Filing Separately,RS,-1.8057074136053624,0.2932384137652355,-0.0010745169307344786,0.8756157667781351,1
0.3480175093953651,Married Filing Separately,AL,0.7296448742532928,0.3156644950665422,0.5579151936106195,-0.029433570890227623,0
-0.5514397080155475,Single,AM,0.7954884861015179,-0.370596406448236,-1.0033190773338383,-0.5365051424638992,0
-0.4883113301446558,Head of Household,PB,0.512578022006396,-0.7799794696748878,-0.7795785120845642,-0.20860492328278746,0
-0.4370010854406188,Married Filing Separately,ES,-0.23051416885214693,-0.5365980754526848,-0.8466273445923478,-0.5487227689338847,0
-0.6182810002024918,Single,PA,1.1427954496965536,-0.9976057739928657,-0.990988575167248,-0.5015493109411926,0
-0.47693379591233864,Single,RS,-0.11981007420622948,-0.917848062239666,-0.6795352470683396,-0.6447620731473003,0
0.05574156805837987,Married Filing Separately,PI,1.1181945397752384,-0.29870534295130946,0.0987608313853519,0.427479564995606,0
0.024401446243761237,Single,MT,-0.533684205823646,-0.7928205969662936,-0.5265755964454538,-0.6452727717976093,0
0.8636995432388281,Married Filing Separately,PB,-0.5380255428685841,2.535616158330802,2.177468060544853,-0.4185290945832839,0
0.6822059548831857,Head of Household,RO,1.041497585314668,-0.4315383268361971,2.0141719149754396,0.4917027160675035,0
-0.3320535719369634,Married Filing Jointly,MT,0.9865073160787872,-0.6751104802335316,-0.4793132767453861,-0.6513657421912604,0
-0.6439349099763536,Married Filing Separately,SE,-0.4483045772732004,-0.9875839806011869,-1.0023510642876607,-0.5049732285346882,0
-0.3451877854675491,Married Filing Jointly,RO,0.6044696561242487,-0.754479736939191,-0.7620505453920764,1.145650473924591,0
0.8166700458791173,Head of Household,SE,-1.0951637969689525,1.2311208113274412,4.099016990075842,-0.6413558622588337,0
-0.4943946615317572,Head of Household,RJ,0.37944368596163247,-0.38644242429154185,-0.798085363284675,-0.5798837739893311,0
-0.1950784048037967,Head of Household,MS,0.494489117652488,-0.8989069767798523,-0.3783264594712353,0.13598992294510676,0
-0.40526211202514595,Married Filing Jointly,ES,0.4988304546974261,-0.7769225538934064,-0.5386261584798318,-0.5172756608024439,0
-0.27086090186791584,Head of Household,CE,0.003194475400345559,1.0811347149731207,-0.18371778707445605,-0.34862675085630707,0
0.015266661925129443,Married Filing Separately,RJ,-0.5235544193854573,0.4398374459440419,-0.5775903822543357,0.2508412033540316,0
0.681660814388989,Married Filing Separately,SC,0.5755274091579965,1.4012779955446966,2.3375045795909655,-0.4154891329093639,0
0.0960498313077987,Married Filing Separately,MS,0.8743561090845574,0.29828806838638633,-0.2552089705152601,-0.6562760910753453,0
-0.35394736345938377,Married Filing Jointly,MS,-0.5865038065370577,-0.5046866667146719,-0.9159052796739453,-0.23779396055711347,0
2.493058914560289,Married Filing Jointly,SP,0.7969355984498313,3.2959713918152755,3.327345708440284,0.30015530879154106,0
0.18533499243671295,Married Filing Jointly,SE,0.3743787927425387,0.3540248645547378,-0.08373929784934182,-0.5189167927790759,0
-0.12871278970521113,Married Filing Jointly,RR,-3.3007583047567874,-0.292436736330342,-0.6883175760057723,0.25884920911263914,1
0.19913950184982007,Married Filing Separately,PA,0.11028078917548056,0.20671976243107057,-0.7263566823066622,-0.6604707163035226,0
-0.21538380555356412,Married Filing Jointly,ES,-0.3773960722058805,-0.7047605256590771,-0.1511713493730667,-0.6251532952254877,0
-0.2596319084598039,Single,SE,0.22387910851802373,-0.32361068743903987,-0.8152591015250756,-0.1594697487592549,0
0.07005562013550998,Head of Household,DF,0.9951899901686634,0.3447097471982051,0.10601617296730262,-0.07909994656462918,0
-0.5094986216653024,Head of Household,CE,0.11896346326535676,-0.9430031278293868,-0.8776540425792185,-0.5577923296360889,0
0.7207231535823191,Married Filing Separately,BA,0.47640021329857996,0.6121324335535092,-0.2515711077291799,-0.14027008891679568,0
-0.22693283298233977,Married Filing Jointly,MT,0.5603327295007131,0.5626685794419234,-0.4476080183733145,0.5384512131395003,0
-0.33424184244631927,Married Filing Separately,ES,0.4879771120850809,-0.20031652939788458,-0.588302848575841,0.5023807911318127,0
-0.07503065551379189,Married Filing Jointly,SP,0.2549920240067451,1.9582262870429221,-0.049001354711636365,0.33868696279825494,0
-0.23001997035676963,Single,PI,0.18118929424280045,-0.7827116613150661,-0.4995083753124152,-0.33506155094043305,0
1.1946582001933466,Single,AM,1.4003814476962035,1.1468238982932724,1.3490975776972842,-0.5739594832593771,0
-0.218525335719598,Head of Household,AM,0.916322367185624,-0.34195521693298797,-0.8159430976409989,-0.6434350022019716,0
1.0246796004653649,Married Filing Jointly,AL,0.7448395539105762,2.3904068058721024,1.5099313372493732,1.9108913964116254,0
-0.16844057446843555,Single,MS,0.8244307330677713,-0.9241027954660784,0.29677725396762245,-0.5924275766045869,0
-0.5334702524720863,Head of Household,MG,0.6225585604781568,-0.8037055756254421,-0.9661912245884428,-0.5727572911810948,0
-0.2198585654029748,Married Filing Jointly,SE,1.1037234162921117,0.11813120150002404,-0.17595103382702346,0.0588837460668723,0
-0.41902002379194264,Married Filing Separately,GO,0.5256020331412103,-0.8640205919969485,-0.6715913795948634,0.2803881024563115,0
-0.572331217078666,Married Filing Separately,PE,0.7166208631184796,-0.9778513607772644,-0.7673404173402576,-0.09001380038537662,0
-0.5305008217915894,Head of Household,SC,1.2288986344211559,-0.9045959356345681,-0.9510210060968696,-0.5899244076725976,0
0.5236498413920473,Single,PA,0.236903119652837,-0.13451155067481102,0.6500349751435777,-0.4037309488382879,0
0.13123980215746012,Married Filing Jointly,RS,0.18842485598436326,2.609599936687637,-0.26235695641543993,-0.651351763213606,0
-0.27671800081605274,Single,GO,0.08061498603507158,-0.8222850857396657,-0.6883818988193227,-0.5213360878451385,0
-0.0908245726185435,Single,AM,0.6732074926690996,0.17028996250392134,0.20955415986057968,-0.15554911149310477,0
-0.04695505393539471,Married Filing Jointly,RN,0.6030225437759363,-0.4396343196462078,-0.6207559728998262,1.4572987336846444,0
-0.1355907062359036,Married Filing Jointly,RJ,0.672483936494944,0.5091623649918705,-0.5212023766261931,-0.3027607932402275,0
-0.23584147147473264,Married Filing Jointly,AP,0.6066403246467178,-0.8201047950766291,-0.8642998111265441,-0.5153847710917192,0
-0.6352467008703178,Head of Household,RS,0.9264521536238125,-0.47833025186520284,-0.9805972699359344,-0.6549704545624201,0
-0.2975797151016045,Head of Household,RN,0.8758032214328697,-0.40334151949028935,-0.5013637713990524,-0.2812378273115994,0
-0.3050505823509613,Head of Household,SC,-0.12559852359947993,-0.5021825189974918,-0.4530627741534137,0.3605174662352808,0
-0.3067580656211549,Head of Household,MS,0.7209622001634166,-0.7003951753536258,-0.7032844075728092,-0.544974539058806,0
-0.14522697823508843,Single,MA,0.13198747440017106,0.05839756706908882,-0.10262529126735194,0.10495006902933221,0
0.053633674158273185,Head of Household,PR,-0.031536220959158215,-0.3377702207567518,0.16285715615565938,-0.5799788310373813,0
-0.22826467686210886,Married Filing Separately,SP,-0.9909717078904423,0.23536355320779762,-0.11343605371942371,-0.38965691413579207,0
-0.34824686031892216,Married Filing Separately,PB,0.40042681501216626,-0.6434245141570376,-0.5565409680087426,-0.38553870731879236,0
-0.26180051788047487,Single,DF,0.2918933888887179,-0.6628416304675203,0.062245404301365895,-0.266286844744248,0
0.4510348583116073,Married Filing Separately,AP,0.03286027854075454,0.5780363987166611,1.2000335340922403,0.2423643513043759,0
0.29774990868070567,Single,MG,0.8750796652587141,0.00010459795397589291,-0.314831235923332,-0.2939959742508901,0
-0.3886271853559438,Married Filing Separately,ES,1.0299206865281672,-0.6370904424555138,-0.6383677404409538,-0.12757624527471556,0
1.6814561912955626,Married Filing Separately,MG,0.4235806125851681,-0.4092034622333629,-0.8597664117039205,-0.5087848297751336,0
-0.05081425714478992,Married Filing Jointly,TO,0.45396997189973376,-0.6582612425464661,0.8963881801987439,-0.6547113775098911,0
-0.3689251288518986,Head of Household,TO,0.859161429427275,-0.13061269326127203,-0.436116883625801,-0.6508037872895517,0
0.9102069390893206,Married Filing Jointly,ES,-0.9265752083905295,2.30417195303603,1.593414648619288,-0.292091105562511,0
0.34285279257474804,Married Filing Jointly,TO,-0.19578347249264313,1.6085859626623826,-0.28517615398878987,-0.5568743767701136,0
-0.10948900867128908,Head of Household,GO,0.3845085791807273,-0.4543856399504071,-0.21007972214624096,-0.6423958981963245,0
-0.17356839426799633,Married Filing Jointly,CE,-0.11257451246466667,-0.6728530188132827,0.32438215946463533,0.40017303004541205,0
0.09245159224028715,Married Filing Separately,TO,1.301254251836788,0.5560574733928791,-0.007557531772519877,-0.42595286364963814,0
-0.2575957298963981,Head of Household,MS,0.21230220973152283,-0.4117102112120221,-0.5368359911618652,-0.2868023923499124,0
0.264462992635381,Married Filing Separately,TO,0.23473245113036795,-0.5434753772597535,0.20834063297676597,-0.4491095061001491,0
-0.2713552006922536,Married Filing Jointly,RS,0.17540084484955,-0.4711759157106137,-0.49813404139472534,-0.40555194366074027,0
-0.5146524252825084,Head of Household,MT,0.9018512437024973,-0.6840653228752138,-0.8649031772367494,-0.6492670316794064,0
-0.13022296918675194,Married Filing Jointly,ES,0.494489117652488,0.14066809741106567,-0.9058872279522483,-0.37892571895639604,0
-0.25785409565651723,Head of Household,PR,-0.012000204256937791,-0.7056601285872538,-0.7306700719306782,-0.16296915283208446,0
-0.17546651214698045,Head of Household,RS,0.13849947996757717,0.18563827231756608,-0.263124753380003,-0.6016527699246774,0
0.19620991302304586,Single,GO,0.2918933888887179,0.5688986006842849,-0.03167586898856416,-0.17129223612754133,0
0.2482668460334813,Married Filing Jointly,RR,-1.9120587175914407,0.5455427409509176,1.0091963528618044,1.8415463479271392,0
-0.42720437828705604,Head of Household,RS,-2.9368554100764728,0.11987833156982723,-0.7286855772393799,-0.3680733726373281,1
-0.17252514398954036,Married Filing Separately,SE,-0.48274723600575214,1.2550726157377263,-0.04151227670861513,2.1640087448006713,1
-0.6020516106356936,Married Filing Jointly,SP,-3.462614522059076,-0.6001112596993234,-0.7988377590121909,-0.20407200679537263,1
-0.3605201433581959,Single,RJ,1.3692685322074822,-0.5708532207833354,-0.9680393730341166,-0.040004473792519396,0
-0.4956660497291383,Head of Household,AC,-0.04238956357150346,-0.7457247578878169,-0.7825246781361973,1.4443383575352862,0
1.120286711040089,Married Filing Jointly,RR,-1.2138270095305896,1.3935028249837706,2.9332280524003287,0.5350086569091324,0
0.06680365874448381,Head of Household,PI,0.9018512437024973,-0.5280390580994004,-0.1942735231601272,-0.6577755694117455,0
-0.09406951837880534,Head of Household,SE,0.6442652457028473,1.5446378510917818,-0.4658901927035591,-0.5876011015864288,0
-0.4809780039033678,Married Filing Separately,AP,-0.36075428020028477,-0.22214935053525917,-0.6254189239046711,-0.28616681483255696,0
-0.2257716161717744,Single,PA,0.70866174520276,0.22063867906196888,-0.5271902869946644,-0.36351808978566613,0
-0.38480046191860523,Married Filing Separately,MT,0.9300699344945939,0.0894713696108428,-0.9540641093463885,-0.3372823445238026,0
-0.6052458716298599,Married Filing Separately,RS,-0.6277465084639676,-0.6177383576820078,-0.9805089393116927,-0.6260013532031907,0
1.5339769772497671,Married Filing Jointly,PB,0.23111467025958654,0.6921021481172528,5.235173494694826,-0.23230301813444723,0
-0.1646473701558593,Married Filing Jointly,ES,0.06397319402947588,-0.9011488306312267,-0.42189474716775616,-0.4873215074844979,0
0.13024938564154936,Single,RJ,-0.3650956172452229,0.41595222949968486,0.7394994022185603,-0.04969097337520651,0
-0.5253352388437175,Married Filing Separately,GO,0.33168897846731543,-0.7858331750899443,-0.05366249380624025,-0.1412420938297015,0
-0.2200941520162915,Single,MS,-0.307934679486874,-0.7883100095615944,0.6164403473678527,-0.6112060032537254,0
-0.30475505973160955,Married Filing Jointly,CE,0.46844109538286044,-0.31785019389364993,-0.5800237777078062,0.42514880345468814,0
-0.19314850005455994,Married Filing Jointly,MS,0.015494930361002138,-0.45108117078483456,-0.223308025837176,-0.6247227427137307,0
0.3792090903857784,Head of Household,AM,0.08857410395079109,-0.3400354859614378,0.45908817334356994,0.42642555008046074,0
0.9418970629276205,Married Filing Jointly,SE,-0.8245537878344883,2.286177726754596,-0.48056666565449874,-0.6257227055819454,0
1.154253363755013,Married Filing Jointly,SP,0.8837623393485892,1.6451328193560897,0.2043739084819702,1.027636216838387,0
-0.4398051724281666,Married Filing Jointly,RN,0.786082255837486,-0.9144109287386611,-0.9256311608693042,-0.5248690414643388,0
1.4369295324749884,Single,RS,-0.5524966663517107,-0.9849497698100536,-0.9298701248777885,-0.39261859353484735,0
-0.49098177369678164,Married Filing Jointly,SC,-0.12776919212194898,-0.5692556126916095,-0.9179115172881339,0.739168829756779,0
-0.5755709660753988,Head of Household,GO,-1.883840026799344,-0.9344003225745381,-0.9402831730319923,-0.5772081976662702,0
-0.5685859096032824,Single,PE,0.6030225437759363,-0.7649146973624612,-0.9863093169702353,-0.6591883780866882,0
-0.2653762376393605,Married Filing Jointly,AL,0.8193658398486775,-0.9041901388438339,-0.509750197948858,0.6089033966542189,0
-0.10388923613056543,Single,SC,0.779570250270079,-0.7519352696690852,0.20672984477264428,-0.23960656799297322,0
0.13431689245573386,Married Filing Separately,MG,-0.5329606496494902,-0.6547356661551731,0.3754322775232139,-0.6345257337768716,0
0.8865424370071032,Head of Household,TO,0.026348272973347388,1.2628978215557023,2.7251663994427475,-0.4929503758200213,0
-0.3237925367930152,Married Filing Separately,AM,0.7484573347813576,-0.6381175071961647,-0.7701842104632822,-0.4410427040616903,0
-0.12151813043742322,Single,AM,0.3816143544841015,-0.6387682561095108,-0.626034067431442,-0.5560701195890613,0
-0.11554358463352983,Married Filing Separately,PB,1.100829191595486,-0.6900378192311476,-0.694758916912018,-0.3842237514874309,0
0.21698059733411393,Single,BA,0.7983827107981437,-0.47966816735260204,0.10293366067004495,0.17340419067130866,0
-0.15445972154624274,Married Filing Jointly,AC,-0.2543915225993054,-0.28590496875640914,-0.4507249569651483,-0.14099792768667052,0
-0.05590621927600024,Married Filing Jointly,SC,-0.26307419668918164,0.9971095944964111,-0.8441912312735159,1.5449534471009236,0
-0.2984988493444419,Married Filing Jointly,MS,0.7759524693992975,-0.7308117258283358,-0.13603148037802795,-0.4052555893344661,0
0.050020884152880356,Married Filing Jointly,PR,0.14718215405745338,-0.831376061065419,0.07769873376807279,-0.6403475120040264,0
0.13743555686223985,Single,AL,-1.271711503463095,0.31578978916111716,1.2687968866654349,0.03237121704745075,0
-0.5826687923160956,Married Filing Jointly,AM,0.13777592379342152,-0.9331473816287883,-0.9785153850691901,-0.5563208092549976,0
0.036627871798548164,Head of Household,RO,0.535731819579399,-0.5616191760762337,-0.06657099533966399,0.3651351885204659,0
0.8696994665712885,Head of Household,PR,0.779570250270079,1.5977222276386462,0.7391723524200858,-0.6551204955892445,0
-0.1449660140932048,Married Filing Jointly,SC,0.3989797026638539,-0.45387622624409013,-0.5661205374521523,0.36503453988135387,0
-0.4730295540856917,Head of Household,PE,-0.8918445120310258,-0.6993811169203701,-0.7537021689573288,-0.6522016850549962,0
0.37769995025694336,Married Filing Jointly,ES,-0.0742260352343815,1.4158355218687058,0.396690967401626,-0.5167323445376077,0
2.0502267575087783,Head of Household,PB,-3.6157646090036586,3.158418852520204,6.287335276278413,18.22027864461472,1
-0.167803364647049,Single,AC,-0.9699885788399085,-0.8853253570540728,-0.45214640054910044,-0.636737208041805,0
-0.04198634171254823,Single,DF,0.14139370466420292,-0.17005388689401923,0.7205690169996493,-0.11642381690199886,0
-0.03508850425499438,Married Filing Separately,RS,0.07193231194519538,-0.6092070871178333,0.32281938688189643,-0.17120090680686564,0
-0.2917326632296238,Single,RJ,0.24703290609102557,-0.33035619199783595,-0.3539820864526442,-0.246908253987812,0
-0.07867852367300593,Married Filing Separately,TO,1.128324326213427,0.7617045350561817,-0.47035020976142794,-0.14200441407779063,0
-0.43549870110437156,Married Filing Jointly,RJ,0.6659719309275368,-0.8376923574801693,-0.9747683546910983,-0.06412286990565617,0
-0.05480138734972505,Single,MA,0.051672739068818266,1.3657907193601289,0.47616588034120494,-0.6613504599639091,0
0.460496345830765,Married Filing Jointly,BA,0.43009261815257527,0.1970591108414021,0.5916728933080218,-0.36531299051649696,0
0.12392960151387646,Head of Household,PA,0.9582886252866906,-0.5668277686444819,1.266011980625238,0.17583932857871298,0
0.04712845218533879,Head of Household,TO,0.9944664339945066,-0.15031768250877114,-0.5545428839906379,-0.39995196521236936,0
-0.17066548216067115,Married Filing Jointly,SC,-1.5473864058166542,-0.1676893402095489,0.05731066676039244,-0.180824035024186,0
-0.41427581175355094,Single,PB,0.5827629708995593,-0.3318072623595746,-0.7253847297580991,0.3941331797668478,0
-0.13238057879128642,Single,TO,-0.6060398232392782,0.3077037678534429,0.29977596541624035,0.8920149714304868,0
-0.6336124053531582,Married Filing Jointly,SC,-1.988755672052011,-0.7782873490827559,-0.9093158151055096,-0.3647920406159079,0
-0.2090684386748908,Single,GO,0.02200693592840929,-0.15811799859732825,-0.8709513336207292,-0.4698254190521938,0
0.06180844302763922,Head of Household,AM,1.021238012438291,1.1171187928330868,-0.2738467322302727,0.2950809399029774,0
-0.4678160743006272,Single,MS,-0.9063156355141524,-0.9606648261850801,-0.5118656031550581,-0.6153009117746344,0
-0.03736693861157916,Head of Household,AP,0.920663704230562,0.5058106395760951,-0.5398650521070175,-0.4680743191180136,0
-0.5484012907716241,Single,RR,-1.9648013931625188,-0.9408388782788044,-0.22720906858574053,-0.649308036680526,1
-0.16370398434988642,Married Filing Jointly,RS,0.9119810301406859,-0.7340971190763953,-0.5128879735084617,0.33366105436555993,0
-0.5888895780985401,Married Filing Jointly,AL,-3.247019858909856,-0.910999374308867,-0.9965380032574319,-0.6334437609064175,0
-0.4182479579569774,Married Filing Jointly,TO,0.7195150878151043,-0.706336023028231,-0.2761496701464016,0.5454099482158833,0
-0.4049545502369519,Married Filing Separately,TO,-0.27030975843074445,-0.9299235515690667,-0.8214861840453399,-0.12066690258604489,0
0.5288771792131892,Married Filing Jointly,MS,1.308489813578351,0.6961713881576705,0.67214028008203,0.47820088751699624,0
-0.5601689715534628,Single,SE,0.6276234536972516,-0.8423221693693255,-0.9177498042991376,0.5274963543176332,0
0.47837685010515413,Married Filing Separately,SE,0.720238643989261,0.7448318860158047,-0.5015055533753996,3.235435874512246,0
-0.48591995279403966,Married Filing Separately,PB,-2.1710918279394043,-0.7552783242132639,-0.8903423970183781,-0.13970720208324336,0
0.5507597976940222,Single,TO,-0.6827367776998485,2.739269353070401,0.48278705333885596,-0.579164322606049,0
-0.6046343857879422,Head of Household,SC,0.45831130894467187,-0.9910297849737889,-0.9712215403946213,-0.1196520288083321,0
-0.19968221761417868,Married Filing Separately,MG,1.1948914942358086,-0.17020649423412426,-0.4874899746848124,-0.656701983927884,0
-0.218004879852164,Married Filing Separately,AM,0.9170459233597806,-0.1333977772181913,-0.5161992394736273,-0.4623093887333203,0
-0.025733203937280007,Single,RO,0.5581620609782441,0.6343688837637186,-0.22863594790041522,-0.33879486990601365,0
-0.4103804044249035,Married Filing Jointly,MG,-0.6226816152448739,0.4112547848120727,-0.8170501747981626,-0.5469986950231698,0
-0.25185547151493926,Head of Household,RJ,-0.1653941131780785,-0.27293637965252926,-0.11343378883162268,-0.4127259549930018,0
0.05474863977343013,Married Filing Jointly,PA,-1.2818412899012837,0.009254535206587913,0.3080518654413536,1.0835847450706966,0
0.44182766575447074,Single,AP,-1.4938432489290863,0.36706802315435083,0.23999651679477407,0.037904096403080303,0
-0.3209908749617809,Single,SE,-1.0582624320869798,-0.38545351138591727,-0.7910732706525595,-0.487361580553774,0
-0.18811300942036516,Married Filing Jointly,PE,0.42719839345595056,0.3882561649884971,-0.36796867457937765,-0.5337512838659735,0
-0.2762820789686912,Single,MG,-0.6299171769864367,-0.3882767471778627,-0.3649178707113351,-0.5541084030582207,0
0.09896365661853486,Head of Household,MT,0.3562898883886306,2.5275688602989836,-0.09079261143943705,0.8219952042912126,0
-0.5518564018378516,Married Filing Jointly,AC,-0.5922922559303082,-0.972982232832034,-0.9848652245082726,-0.6495876162336149,0
-0.46617199154548794,Head of Household,MS,0.9590121814608472,-0.8696605604271418,-0.8553815889210472,-0.6290748644234815,0
-0.42143859753836077,Married Filing Separately,SP,0.6167701110849063,0.451110012563571,0.0052114526723578145,-0.6372041058954634,0
-0.5409433716523057,Head of Household,SC,-0.13428119768935615,-0.02673218318196048,-0.1961936950378751,1.3029139725371037,0
0.018115267853576075,Single,PE,1.0328149112247917,-0.2245659224493107,-0.2978350648865355,-0.6600681217470745,0
-0.27274949234709667,Married Filing Separately,MS,0.3982561464896972,-0.9102783913355862,-0.10476198641888235,-0.6101799462938893,0
0.335054269384885,Married Filing Jointly,GO,0.5393496004501803,0.8415927434269147,0.31494754284049414,-0.5219828485446175,0
0.19181700219921766,Head of Household,SC,0.7846351434891737,0.7698594897930513,0.44380018068634114,-0.45093982024103785,0
-0.35001401975697427,Head of Household,AC,-0.2898457751329659,0.20131867651337146,-0.38729858600639766,0.05656137191254707,0
-0.2967365402190168,Married Filing Separately,PE,-2.1363611315799007,-0.4485934977236884,-0.19398407049915034,-0.4487609635906316,0
-0.4974572008921495,Married Filing Jointly,RJ,1.1015527477696427,-0.6440037283797095,-0.6122517721843651,-0.4856319150519973,0
0.17933359668791954,Head of Household,BA,-0.36364850489691053,0.6556411330523547,-0.2022518169281797,0.6427222713276972,0
-0.29056165918107874,Head of Household,PR,1.1399012249999279,-0.9629972906446421,-0.5879128348964966,-0.2754225726073501,0
-0.030980202847106945,Head of Household,ES,0.3910205847481344,-0.5175572749695069,-0.5990687662494516,1.1814161542194122,0
-0.2311669826803556,Married Filing Separately,PA,-0.250773741728524,-0.5689911511079047,-0.2854633417619656,-0.2996854181562495,0
0.8539472968002202,Head of Household,SE,1.128324326213427,0.24246239578416678,1.1918156151948347,0.8244527085628641,0
-0.16659988082644744,Married Filing Jointly,PB,0.7180679754667919,0.5285786142151935,-0.3804808207476139,-0.007206064487815505,0
0.25085422798186785,Single,TO,-0.11619229333544807,0.11828034049149055,2.57338720834178,1.6117888031305152,0
0.8899056957503764,Married Filing Separately,AC,0.15007637875407911,0.5026067525210463,1.5485952369014553,-0.4708058113516923,0
0.00812864737980821,Head of Household,PA,1.2976364709660066,-0.0018975062977446813,-0.18621233449855557,-0.6213109402342024,0
0.7817460627094177,Single,GO,-0.6812896653515361,1.2933811377417086,1.454370921623742,-0.20291361551374087,0
-0.1720457425539858,Married Filing Separately,SP,-1.3650502499292607,-0.684259550398984,-0.2443787300280991,-0.21884592231243433,0
0.330690373824094,Married Filing Jointly,CE,0.38957347239982104,0.5354641533502792,0.6629403058340799,-0.02707019173478272,0
-0.6347603704167246,Married Filing Separately,PB,-1.6877563036029806,-0.9622520292308898,-0.9186050259328219,-0.4332787798724113,0
-0.3445908505635127,Married Filing Jointly,AC,0.9582886252866906,0.10526926411678594,0.1447901461665166,0.034851087683349456,0
-0.17652621884327843,Single,RO,0.7983827107981437,-0.4897636631528543,-0.17206448636038577,-0.30465727454201397,0
0.0914939153346095,Married Filing Separately,SE,0.809236053410489,-0.08982578035668848,1.0192443011024757,-0.46065893743825204,0
0.5432143568880238,Married Filing Jointly,DF,0.9488823950226587,1.1130179041113406,0.3462374207898494,-0.13628701221712233,0
0.029437976230661782,Head of Household,RO,-1.9069938243723463,-0.2520551866729127,0.9328542327286669,-0.002798958799290633,0
-0.28508288461785636,Married Filing Jointly,MA,1.3388791728929166,-0.6637650782925885,0.3997594373945168,-0.02532747918719519,0
0.5292897156246701,Head of Household,RO,0.7549693403487647,-0.03951088019786857,1.6042960755707532,-0.5681628671920004,0
-0.48450253554149236,Married Filing Jointly,RS,-0.8144240013962998,-0.9453026429768804,-0.948342549783323,-0.33893652354624537,0
0.01663626895320959,Married Filing Jointly,SE,-1.9272533972487236,-0.5796463516697358,0.5568488844338756,0.11868488054074673,0
-0.23393079475055328,Single,AM,0.04443717732725545,-0.23704894274376506,0.01188154724651172,0.5626115461856004,0
-0.5503997490206599,Head of Household,RJ,0.8562672047306493,-0.9058462753188387,-0.8651491440519457,-0.4978849549320406,0
-0.15783995638371082,Head of Household,DF,0.9951899901686634,0.3128135124854868,0.5982899895076307,0.8510630904258668,0
-0.19650595574522567,Single,RN,0.07193231194519538,-0.6618202017934073,-0.39897815941896025,1.6246233684809834,0
-0.4892107166860827,Married Filing Separately,DF,1.1001056354213303,-0.8939676147746872,-0.9149200534804794,-0.6594539786621226,0
0.474297217509402,Head of Household,AP,-0.1986776971892689,0.7205556132624283,1.1298405843390102,-0.42728925391340317,0
1.242015786557191,Head of Household,RR,0.4619290898154533,3.6438602001332447,0.35543830099291995,-0.0024569398126785243,0
-0.4871612863756779,Single,DF,0.48074155034351806,-0.41639681731013806,-0.9225087865467478,-0.5802202013848814,0
0.07542058557744621,Head of Household,MG,-0.010553091908625434,0.7265298437926814,-0.42163247316039215,-0.6350625265188024,0
0.09444914152812704,Head of Household,RJ,0.4163450508436053,0.6082639241905592,1.9283974431059616,1.2302866600993536,0
0.4867362773052522,Married Filing Jointly,SP,0.6941906217196334,1.373253304999987,0.30095551898303813,0.02982797504618529,0
-0.10989470267745671,Married Filing Separately,TO,-0.7927173161716092,0.02952269756430473,0.590909626119061,-0.6567038477915714,0
-0.2922043561326102,Head of Household,PB,0.6464359142253163,-0.09688820527235056,-0.5439105946972904,-0.6134556867242476,0
0.2344949896178816,Head of Household,AM,0.8425196374216793,-0.7442736875260785,1.6414429533736776,0.039819216341739364,0
1.696518661916782,Head of Household,PR,0.660907037708442,0.3591653907809506,7.051386569396049,-0.4885852070644598,0
0.10182551429398055,Married Filing Jointly,RR,-1.1979087736991505,0.03555545647783698,2.1957547646506996,-0.5528363160916662,0
-0.3323805349756659,Married Filing Jointly,PA,-0.8013999902614855,-0.5313938183202349,-0.7079124793055175,-0.4050281979646205,0
0.20385409233609622,Married Filing Jointly,TO,0.4127272699728239,0.07002000335755248,-0.616392440062283,-0.1291008857708937,0
-0.17370212431614382,Married Filing Jointly,RR,-0.1899950230993927,-0.9604593265282341,0.14711301509529487,-0.6593719686598831,0
0.04266044812851588,Single,RN,-0.03081266478500152,-0.6564498974698771,0.4869286271718943,-0.40275801199353845,0
-0.41344458942708007,Head of Household,BA,-0.10606250689725952,-0.9130899214508758,-0.3848380118993142,-0.6441749560858135,0
0.21621684632079505,Single,SE,0.47929443799520566,1.751857375319179,0.5868328280771332,0.45926589631812803,0
-0.08362896061077527,Single,PB,-0.11908651803207382,-0.29565579741068526,-0.30090670572234784,1.7049503018108023,0
-0.44430556964432055,Married Filing Separately,RO,0.7209622001634166,0.05262536784704303,-0.3046854445296546,-0.6150474263131671,0
-0.16143525061855585,Head of Household,TO,0.45035219102895235,-0.9307615913089057,-0.488531823073305,-0.47870206986276675,0
-0.5392972101917548,Single,MA,0.2846578271471551,-0.4409436212573374,-0.45160690427488537,-0.37818856086808494,0
-0.5437820171173217,Single,RJ,0.7716111323543594,-0.9424369199141102,-0.8458613595380255,-0.5588733705746994,0
-0.4407884867005876,Married Filing Separately,RS,-0.6480060813403448,-0.8441716662809409,-0.34177117036195037,-0.6140800810594795,0
0.5770958692937967,Married Filing Separately,GO,1.2998071394884747,0.23190474252780055,1.0752418400737136,1.0398883247865869,0
-0.14404540743403432,Single,RJ,0.02851894149581644,-0.27708062273226003,0.6758841396172003,2.099183565757789,0
-0.38554792973953295,Married Filing Separately,RS,-0.6827367776998485,-0.9322352059367961,-0.6579205168275992,-0.5462652646622331,0
0.012257389390909774,Single,AL,0.6167701110849063,-0.04275768806732199,0.470005385522292,0.6232886965924869,0
-0.4981949485729516,Married Filing Separately,MS,-1.9668812975011314,-0.8770611493350825,-0.22058245985736713,-0.5864184800768626,1
0.11469945658448659,Married Filing Separately,MS,-1.4188296526226019,2.579571099510398,1.5082245178024865,-0.48424147274130175,1
-0.21573874450259795,Single,CE,0.04588428967556781,-0.33249269475930826,-0.20345945510371072,-0.5054541053660011,0
-0.17087170706004884,Head of Household,RR,0.09580966569235493,-0.12286483594587617,-0.30142264716343187,-0.6059023791316288,0
-0.46453059378483874,Single,BA,-1.4692423390077716,-0.7542993828099758,-0.9181076565717068,-0.24766871037221383,0
0.29253781469924883,Married Filing Jointly,PI,-0.09810338898154002,-0.4692895675947115,1.3748502579505815,0.07984009743457347,0
0.007387675513291691,Head of Household,GO,1.2411990893818134,0.2840253516966715,0.12056082944821996,-0.2899560497087553,0
0.6863457833231493,Head of Household,GO,0.2622275857483089,0.10174368772549283,1.6598764222090339,-0.0805630795591278,0
0.4444512518221097,Head of Household,TO,0.7730582447026728,0.11253718868929424,0.3570663023443297,0.42543770232621336,0
-0.17340313718777267,Married Filing Jointly,RN,0.3664196748268192,-0.8112730788116228,-0.09781784042079888,-0.13158262027047962,0
1.3205573319916062,Head of Household,MA,0.20361953564164662,1.4018515737008306,1.8231399533941117,0.5643328243007846,0
-0.4555397598159615,Single,AC,-0.13066341681857474,-0.9973287396453453,-0.7549102601104201,-0.533057926574313,0
0.31425898705977945,Head of Household,RJ,0.5632269541973388,0.9874424397530448,0.38042680810213564,0.6216028318873608,0
-0.5232981941530569,Single,CE,0.04443717732725545,-0.9221600866847964,-0.7865607081977056,0.4017433352019281,0
-0.10615164713293572,Married Filing Jointly,PB,0.1044923397822301,-0.4463473084365156,-0.3622244661383015,0.027775861126512726,0
0.7367720585508957,Head of Household,SC,0.19131908068098902,0.02119909437487583,1.7811190370432823,0.015058719188341767,0
-0.11860196658309897,Single,PA,-1.4468120976089254,-0.04866775414775825,-0.33082451464181434,-0.12018882155026284,0
0.47100463475012366,Head of Household,AM,0.8852094516969026,1.614033437743125,0.9223904510877191,-0.538569371497539,0
-0.4474121948819843,Single,PB,-0.5409197675652098,-0.9579200617810866,-0.5551154476267486,-0.3978849403831987,0
0.19414610500021068,Single,PB,-1.286906183120378,1.05997731546604,0.741503374944948,0.7818932451279829,0
0.0554068964871093,Head of Household,SP,0.649330138921941,-0.35806569635999874,-0.4155485315491554,-0.5460136430644531,0
-0.4033245853560666,Single,SP,-2.003226795535137,-0.7420834253607055,-0.5554669582134748,-0.5212950828440188,0
-0.6442284405030192,Married Filing Separately,RS,-1.0177432863342255,-0.9586445131030061,-0.9735027353878599,-0.42448227520039056,0
-0.5533115822387099,Married Filing Separately,MG,-1.1378536112441753,-0.7739267677566828,-0.647134215163779,-0.6439466327841243,0
-0.4537138769500311,Married Filing Jointly,MA,1.1608843540504616,-0.6699530458077049,-0.5205926688301447,-0.36463081640696,0
-0.5156748018941226,Head of Household,RN,-0.6791189968290671,-0.36166150681122666,-0.7639054885011534,-0.4624901835109845,0
0.28297845480029393,Head of Household,MG,0.4243041687593248,1.5028256076208666,0.37610087240209017,0.6100888139593158,0
-0.18840974461787371,Married Filing Separately,AP,-0.004764642515373948,-0.03483597977640854,-0.7607785844029948,-0.24320102911385305,0
-0.37230215901852376,Married Filing Separately,AM,0.8468609744666175,-0.7522851393380194,-0.6101128121450337,-0.5835471980666396,0
-0.6033674148395608,Married Filing Separately,SC,-1.7926719488556475,-0.8785325962450736,-0.8001287450588013,-0.44836955221630714,0
-0.44540719689975283,Head of Household,PI,-0.04021889504903441,-0.17028800042713502,-0.7732286726454817,-0.4940929242603114,0
-0.5662949164015024,Head of Household,AC,-0.14658165265001374,-0.9927813010363594,-0.6905054576216068,1.2005067780361665,0
-0.5968952789277612,Married Filing Jointly,MS,-1.8614097854004978,-0.9917941223050541,-0.7458171885666804,-0.5988327441658539,0
0.40690272984479076,Head of Household,AM,0.8396254127250535,-0.45095327542878044,1.0147344565129832,-0.13197869130402226,0
-0.1827388630295276,Married Filing Jointly,CE,-0.47869393658776604,-0.4260487980282097,-0.8071716401650115,-0.6462671430747623,0
-0.6007926783490948,Married Filing Separately,MS,-0.18782435457692365,-0.6867788721414587,-0.8491821380319559,0.041839644578728595,0
0.8763559143629182,Head of Household,RO,-1.1508776223789892,0.7665623908683362,1.6302476129729837,0.6162982758334205,0
1.033168427077336,Married Filing Jointly,SE,0.07337942429350877,1.1153620742475583,0.7389861786428378,0.10966378029441125,0
0.3717211604295013,Married Filing Jointly,ES,0.40476815205710437,3.1892849876872122,1.3244053179124486,-0.15023989577994631,0
-0.42559704771430346,Head of Household,MT,0.16092972136642333,-0.4048771308500976,-0.8805617055382333,-0.24261018432499182,0
-0.06899530757660874,Married Filing Separately,RJ,0.555991392455776,-0.6484531861396506,0.03380837902623972,0.30680743829136997,0
0.3019876961131918,Head of Household,PE,1.0494567032303876,-0.6574258040681065,0.26921900515931185,0.8920214949533922,0
-0.2890459364851069,Head of Household,BA,-0.5582851157449611,-0.17915873561432744,-0.7168311544885746,-0.4788698175946201,0
0.006993934063240907,Head of Household,GO,0.6066403246467178,-0.05793821651556691,-0.14305806829207038,-0.5796619742105472,0
-0.05776293627220289,Married Filing Jointly,RS,-0.540196211391053,-0.22775160067400593,-0.24036942564264324,1.4497668605244292,0
-0.019545937279597674,Head of Household,PA,0.46482331451207903,-0.6481731169870713,-0.26192934559859765,0.5114792417211694,0
-0.20984743352789484,Married Filing Jointly,MA,0.6348590154388144,0.7487784332231265,0.007007508698606967,-0.1727516413946655,0
-0.30781552038659027,Head of Household,MA,0.8258778454160837,-0.32253159746880766,-0.7454221921341736,-0.4441395135780719,0
0.8654029557109238,Head of Household,TO,-0.747856833373918,3.002557767848311,2.7431849408329474,1.053211222423117,0
-0.26216117326939065,Married Filing Separately,SE,-1.9547485318666635,0.6679767485296619,-0.12144243209620947,-0.3340233788666296,0
0.7233037797381178,Married Filing Separately,PA,1.148583899089804,1.1118720484298124,1.2487326986133076,-0.49548616236653775,0
-0.49743182336358277,Head of Household,PA,0.2166435467764599,-0.9935759864182139,-0.9246083375383405,-0.44430726130992526,0
0.021184129942928846,Married Filing Separately,RO,0.512578022006396,-0.5022028955457444,0.6598038892071569,-0.5767506191310481,0
0.2842776456825555,Married Filing Jointly,SE,-0.0901442710658205,1.3334765486364404,-0.7625384657945347,0.37189169438678127,0
-0.18637408573082087,Married Filing Jointly,SC,0.035754503237379255,-0.07307148871360895,0.20537680080028456,-0.3195430218803112,0
-0.22718522246440045,Married Filing Separately,AP,-0.6689892103908786,-0.32965862037786664,0.20250356413584594,-0.3729194182242026,0
0.013114162471398625,Single,MA,0.24703290609102557,0.7644432298500575,0.24680703441259447,-0.1585154505513781,0
0.35361485677977517,Single,BA,-0.873032051502961,1.2778260276404783,1.782359742580709,-0.5555128243465707,0
0.0665318680119148,Married Filing Jointly,MA,0.47278243242779855,-0.6425608953459879,-0.33630961991844793,-0.20317548836180077,0
0.06964767419847981,Married Filing Separately,MA,-0.16249988848145275,-0.3745199758458261,0.06888786724434671,-0.5155068541632347,0
1.1671879349533578,Married Filing Jointly,BA,1.3410498414153855,1.8933360852733203,0.02093294485471159,0.1846684508652608,0
-0.5701604423398579,Single,SE,0.18914841215851996,-0.86062117678739,-0.6886559502432522,-0.4588155762515525,0
-0.5664710000724115,Married Filing Separately,PI,0.7296448742532928,-0.7934592066594041,-0.9657839977618101,-0.4320793835896599,0
0.03817841281016447,Single,BA,0.886656564045215,2.5920960377129667,-0.18076301444917892,0.08325655957331995,0
0.03201730319557837,Married Filing Separately,PB,0.5632269541973388,1.1276911865711676,0.01186478707678384,-0.2873960329343045,0
-0.26625977405202383,Married Filing Jointly,AP,1.388080992735547,0.3005667734420475,-0.7213011370527682,-0.37547104761206074,0
0.07978067017831587,Married Filing Jointly,CE,0.13488169909679576,-0.2115240644804372,0.2206897072233251,0.10803103570437196,0
-0.2189812651065463,Single,MS,0.672483936494944,0.2534310483542253,-0.33358903669180145,-0.5985559604082958,0
-0.5008042630557572,Married Filing Separately,RJ,-0.09665627663322765,-0.8389305579442042,-0.940694929634227,2.029689408178322,0
1.3649641094109328,Married Filing Jointly,RS,1.2817182351345666,1.9815396595054648,0.5242168339736057,-0.32160911477763826,0
-0.505180284398116,Head of Household,RJ,0.5038953479165199,-0.9167243172807099,-0.8779285469807084,-0.556372997438241,0
0.5938678172947147,Married Filing Jointly,PA,-1.062603769131918,-0.02281208213300921,0.7042002198837494,-0.5871686852109845,0
-0.6161193197998596,Single,CE,0.4742295447761109,-0.37911337007427554,-0.9833554503000786,0.5863394628562564,0
0.3239155264367275,Married Filing Jointly,RS,0.12475191265860722,0.5067770082155676,0.5068179658857785,0.937982509617522,0
-0.06078476765161773,Head of Household,SE,0.01404781801268978,-0.5201771788225055,0.2171143553405545,0.6953866717430556,0
0.06810189688676502,Single,RN,0.34037165255719165,0.021545495695171266,1.7442058956614284,-0.6525828451790407,0
-0.5410557083572586,Head of Household,PE,-0.2022954780600503,-0.8377729965860203,-0.8772155603009312,-0.5781503807601799,0
-0.5801123698375218,Married Filing Jointly,ES,-3.2149201640589653,-0.5560786664138387,-0.8239503819729052,-0.5510889438848604,1
-0.4884807446357027,Single,AP,-0.5799918009696506,-0.9360751014234762,-0.972919300290304,2.009527994673237,0
0.09306125921496974,Single,MA,-0.4048912068238204,-0.8755502499593253,0.15219814118625927,-0.4059843600361845,0
0.5381941967062396,Single,DF,-0.8983565175984329,2.2529479119902764,0.7082253784838127,-0.01875642775776212,0
-0.2070989519101078,Married Filing Jointly,RJ,-1.7435227993951252,1.9918350188960254,-0.2628996235325765,1.2757271582560925,1
-0.15064044680329572,Single,PA,0.5089602411356147,-0.5285740508769282,-0.043099963057165826,-0.4779034042727761,0
-0.20619462844332828,Married Filing Separately,RS,1.403999228566986,-0.42774655468687967,-0.03760896907224956,-0.6146569468706863,0
-0.5160798029984864,Married Filing Jointly,SE,1.2361341961627186,-0.7557218392954446,-0.9774939206709071,0.07643109075057601,0
0.2559553710619796,Married Filing Jointly,RR,0.6732074926690996,0.20478529097780573,1.467829790892826,-0.5572285108706929,0
-0.6074316303701768,Head of Household,DF,0.3041938438493755,-0.679339264311332,-0.8092698322239236,-0.4894248776555702,0
0.07035703242019467,Married Filing Separately,DF,0.06831453107441397,-0.08268011507369623,0.694174920521089,0.4345454722340064,0
-0.32673208608322013,Married Filing Jointly,SC,0.8671205473429945,0.2795555173884778,-0.8807261363925911,-0.350677932844136,0
-0.3254580995040745,Head of Household,MS,0.373655236568382,-0.31336215075510265,-0.33930244265878307,-0.4181553899139885,0
-0.4840230474932124,Married Filing Jointly,AL,-1.609612236794098,0.10153769079317614,-0.35135617553608256,-0.3036675629240792,0
-0.14175848503035202,Married Filing Separately,RO,-0.39548497655978854,0.10257652494237353,-0.13669146868326001,0.4622173244669033,0
-0.4233373217064233,Single,MT,1.1435190058707092,0.31296394790873855,-0.781813503366661,-0.4183771896927724,0
-0.4444420712996835,Head of Household,PR,0.555991392455776,-0.6554210985549068,-0.6391491267323233,-0.016589686221323053,0
-0.4046230833365243,Single,AP,0.42647483728179386,-0.386102526124944,-0.9036182633531354,-0.1820485934667154,0
0.4903669961448203,Single,ES,0.09798033421482295,1.4503516604344227,2.496668210878544,0.9653859654794538,0
0.3216142263206148,Head of Household,PA,0.1703359516304552,1.3802060433899488,0.04489455183492164,-0.6480937294882765,0
-0.006788662330318742,Married Filing Jointly,AC,0.6109816616916559,-0.3805622727181149,0.1172006419065511,-0.16561397540430559,0
-0.6431243014785479,Married Filing Jointly,MT,1.1891030448425584,-0.9835875758821832,-0.9956723631398626,0.10971690040949811,0
-0.1035421789395507,Single,RN,1.2187688479829673,0.12014804623345933,-0.4514397555551663,-0.582969400323589,0
0.23499794971476784,Married Filing Separately,PB,0.003918031574501223,-0.3861320070883734,0.044888663126638806,-0.5738951799621667,0
0.4110959117236526,Single,RN,-0.7102319123177885,0.07994338235660657,1.9788360414582513,1.1348689544256392,0
-0.1094636311427223,Married Filing Jointly,SE,1.0523509279270133,-0.0762380910207911,0.10669790419542494,-0.608242459990983,0
0.08375437541080108,Head of Household,SC,-3.098208171474024,-0.5906739661666531,1.289863514058316,7.077585252222817,1
-0.3246577979206014,Married Filing Separately,MA,-0.31661735357674914,-0.5553479681937872,-0.8290214657595031,-0.11940413493792662,0
-0.0837405178011987,Married Filing Separately,RJ,0.7969355984498313,-0.34969180211530787,-0.1514100685472996,0.5865789693400691,0
-0.6250742961003865,Single,PI,1.1695670281403368,-0.8088972599940766,-0.929395404394684,0.9711387807501799,0
0.4077161965625373,Single,RR,0.1623768337147357,-0.4741127399204783,0.17195068067695918,-0.26228885713507666,0
1.290078746957378,Married Filing Jointly,RS,0.08350921073169733,1.3807375678188376,2.400732999355902,-0.43192468290361735,0
0.5458648795132881,Head of Household,RS,-1.016125298629476,3.6956175037002943,0.3350502339852396,-0.6143270429980414,1
0.530802233649799,Married Filing Jointly,PI,-0.15019943352079515,0.9592638412374905,2.000868869987069,-0.6405665159872793,0
0.275361731721222,Married Filing Jointly,PR,-0.4432396840541056,0.37863019688521615,-0.42932040831234736,-0.02251956854233888,0
-0.26782417309971773,Married Filing Separately,RJ,-0.38246096542497526,-0.7076904131716644,0.14571422038935342,0.7260798470129998,0
-0.014852826749241545,Married Filing Jointly,CE,0.8881036763935273,-0.4824870677087491,0.046302859069627555,-0.6201842346352541,0
-0.28251906133080146,Married Filing Jointly,RJ,0.46916465155701714,-0.08040617899741331,-0.3272174543298287,0.5380579379014886,0
-0.047986524883184854,Head of Household,RS,1.2629057746065029,0.6967380296165269,-0.6899587137064283,-0.6605900035795073,0
-0.598457512657318,Head of Household,PE,0.7737818008768285,-0.9038341995647818,-0.991303847549157,0.29630643027735043,0
-0.03188054212851416,Married Filing Separately,MG,1.275929785741316,0.5770401155701793,1.2438826678760941,-0.5887296710490643,0
-0.43654550250457236,Married Filing Jointly,RR,0.4481815225064833,-0.6986115770661466,-0.5709370478499097,-0.40305529825165637,0
0.5308561933777755,Head of Household,PR,-1.5871819953952517,3.0520120840011398,1.7886665491515708,-0.4352665904948735,0
-0.458563669900788,Single,AL,0.08712699160247873,-0.7450297875293267,-0.5487112508804404,-0.34465299347507,0
-0.04263342538464002,Married Filing Jointly,PA,-0.21242526449823884,-0.5638012009135895,-0.23783909299128678,-0.6012361963905749,0
-0.4227110250884477,Head of Household,PB,-1.4986062388769286,0.2488744734446179,-0.7759714517725788,-0.47453447065805476,1
0.6612267071291521,Married Filing Separately,AC,-0.6870781147447866,1.4079771109404495,1.4242773574109124,-0.10623034639637714,0
0.0780004637741174,Married Filing Jointly,AM,-3.7245310382411767,2.222327145260051,0.5512527996549894,-0.6366729047445945,1
-0.07760573845515983,Married Filing Jointly,PI,0.1761244010237067,-0.46968929477532784,-0.2491458658717931,-0.37960602920224573,0
0.5389912070061444,Single,SP,0.936581940062001,-0.3008509501279584,1.073432194720658,-0.3619720148570844,0
-0.4528303405373678,Married Filing Separately,CE,0.5704625159389016,-0.15995232148364916,-0.7791092273321822,-0.6185757202731492,0
-0.4689087804453346,Single,PE,0.9930193216461943,-0.9752726435643511,-0.6918716379432127,0.004648108563154328,0
0.8157820922174543,Married Filing Jointly,SP,-0.09737983280738331,0.5139577905285274,0.864946101789157,-0.43485560855183275,0
0.028432315875065867,Single,RJ,0.49665978617495704,-0.414396013689157,-0.6672971523240329,0.3694994253441838,0
1.0776543685277553,Married Filing Separately,PB,-1.2934181886877851,1.7283016519955037,1.7744847276963858,-0.008383094406319833,0
-0.4590575356614983,Married Filing Separately,CE,1.0509038155786998,-0.510978251145371,-0.17026163567073335,-0.43202067188351123,0
0.03896944683201079,Head of Household,PB,0.6703132679724749,1.4749275118014715,-0.06447506816855293,-0.19708158603630618,0
0.3034332625015216,Married Filing Separately,ES,1.0241322371349166,-0.5896789836509106,1.2851394110828422,2.4778638191664397,0
-0.48561403664762987,Head of Household,AM,-0.4591579198855446,-0.8624984204881154,-0.6502624781946181,-0.660308560162731,0
-0.6247846631463676,Head of Household,RJ,0.42647483728179386,-0.9902069192592444,-0.9043267202573104,-0.08379129146546103,0
-0.3964804477883128,Married Filing Jointly,PA,-1.6493580786625455,0.21679874397013607,-0.7496960354147946,-0.6177789185468459,1
0.9386456212129474,Married Filing Jointly,BA,0.7151737507701662,1.6543972121137807,3.4828252732306413,1.9648297476572256,0
-0.4502730998174497,Married Filing Jointly,AM,-1.538037322397184,0.20587759173736497,-0.09843298394756966,-0.3622329557733007,1
-0.41708500889190236,Married Filing Separately,RS,-1.0879282352273898,-0.9088650392652939,-0.4818861892874026,0.2591195539209943,0
-0.5362032304120117,Married Filing Separately,RN,0.9293463783204382,-0.3328776814582099,-0.8615919112715836,-0.6506919554683162,0
-0.01630090490661027,Married Filing Jointly,PR,0.5632269541973388,0.07204508541900474,0.15321145198845854,0.49039894341826556,0
-0.6232927589499039,Head of Household,SP,0.900404131354185,-0.9884510677608753,-0.9965620110681233,1.2389694690864517,0
0.1187176807578706,Single,PE,-0.04673090061644156,1.1526502904627989,-0.7172927386224329,-0.1858424880021319,0
-0.3982361743466011,Married Filing Separately,AP,0.13777592379342152,-0.8810467154645903,-0.3288001579252171,-0.6426652264991335,0
-0.15438714008228702,Single,SE,0.8960627943092468,-0.6600114579782973,0.6995726011286011,0.5228469463497647,0
0.33433443102338656,Married Filing Jointly,PA,0.6095345493433435,-0.48732194571117177,0.6579924319438606,0.601974483396832,0
-0.4647970145284278,Single,MS,0.9127045863148425,-0.054618573324699805,-0.7108550215366689,-0.30409159191293067,0
-0.15874012243966704,Single,RO,1.1362834441291465,-0.7518676368706296,-0.8415204755784931,-0.42156626046167317,0
-0.5267804587811452,Married Filing Jointly,PA,1.0979349668988612,-0.3326682799091451,-0.9211992284201687,-0.0968346095489024,0
0.8439590306846679,Head of Household,PE,0.6022989876017807,-0.02632031678110848,1.5237929035694873,-0.6606086422163798,0
-0.35792496626451564,Married Filing Jointly,PA,-0.29852844922284105,0.19801030545558024,-0.5585363341614862,-0.6095341175262539,0
-0.3561118154692315,Single,MA,1.034985579747261,-0.49188715960693125,-0.6126599049661181,-0.6327382885007898,0
-0.5126690804816478,Married Filing Jointly,RS,1.0928700736797665,-0.9849233236516831,-0.9109130139828248,-0.3679158761557547,0
-0.08094552514982674,Single,MS,0.9199401480564053,-0.07942203507116692,-0.13522291543304552,1.1922433383787017,0
0.13078950259766822,Married Filing Separately,RJ,1.301254251836788,1.9690232563553627,0.21015390215030333,-0.6414742176029747,0
-0.07539330299539392,Head of Household,SP,1.1174709836010817,-0.633858808611355,-0.9089905772172758,-0.3100214742339465,0
-0.6105969790357187,Single,MT,0.6978084025904148,-0.9411198145185434,-0.9344429333481508,-0.40690510869769064,0
-0.14852008067071942,Married Filing Jointly,MS,0.417068607017762,2.7753349763904818,1.3742799592022714,0.4657400268358235,0
0.031325007680784,Single,PI,-1.370115143148355,-0.6666147602429044,-0.7274222228239425,0.47314608919714873,0
-0.34821299474325784,Head of Household,CE,-0.7847581982558898,-0.6662913367323406,-0.7443146619994501,-0.4162943220222599,0
-0.27399212511961707,Head of Household,RS,0.09146832864741683,-0.4595196630229222,-0.4894812640395139,-0.5086319929527784,0
0.29023218394686207,Married Filing Jointly,MG,-0.1444906224000469,3.3748722835251295,-0.3101048680600572,1.113907011466876,1
-0.5285150518344154,Married Filing Jointly,RR,1.1514781237864287,-0.4606533794842148,-0.4001441236589516,1.637651775654927,0
-0.29543587692042206,Single,ES,-0.29491066835205965,0.31229282664609376,0.2542363193776673,-0.4445253333613346,0
1.2006581314509657,Head of Household,PE,-3.7194887622831785,5.0524638567908156,4.463326004788344,-0.20448392067025697,1
-0.1324988917742976,Married Filing Jointly,PB,0.494489117652488,-0.8713006557896923,-0.6943213405888511,-0.30846794385061577,0
0.23604943922968372,Head of Household,PE,-4.040293355746736,2.4067250283914707,1.558623254129477,0.38518570213615916,1
-0.001267274306158228,Single,AL,0.6124287740399682,-0.08185768290273171,0.7156841069902993,-0.5286303183852282,0
0.32577103085477344,Head of Household,SC,1.449583267538834,-0.2191856466234441,0.8972832638577272,0.057864212629941354,0
0.15630006831085377,Head of Household,RN,0.31432363028756405,0.017140259380374223,-0.17112274601270044,1.099577627439226,0
0.6132480209108611,Single,PA,-0.28405732573971443,1.056379337296913,1.0955968397194984,0.22651871416713995,0
0.023271150176193703,Married Filing Jointly,RR,0.341818764905504,0.5852934846996733,0.36576664234336353,-0.33137762436256485,0
-0.26182901346715914,Head of Household,AP,-0.17335323109379802,0.4675356781731287,-0.8613540980524712,-0.5329349115709539,0
-0.4613571035231012,Married Filing Jointly,RO,0.8692912158654635,-0.948373432152917,-0.9387593565194318,-0.6531317530349386,0
-0.49986033075110087,Married Filing Separately,AL,-3.608772805282479,-0.1717422584482907,-0.9460101683257802,-0.42946345090459126,1
0.5489878745560685,Married Filing Separately,RN,0.674654605017413,1.108230282359121,0.48020734613343596,0.2784357052439072,0
0.22813917459640728,Married Filing Jointly,MS,-0.8614551527164601,1.11454961357893,0.27981596220296245,-0.2975848437807081,0
-0.3832490547797339,Head of Household,RN,1.0834638434157347,-0.8920322762342627,-0.3908245633351049,-0.48833078967114885,0
-0.37079856210411977,Married Filing Jointly,MT,0.4322632866750443,-0.1790629224831819,-0.4543854686292392,0.6276920745536373,0
-0.29202454811450523,Head of Household,MA,-1.7391287919680796,-0.49330094522080326,-0.4116216690796586,-0.6473295453765001,0
0.14150626834726723,Married Filing Jointly,SP,0.1667181707596738,-0.6259410022126602,-0.5427636555148281,-0.5590783955802979,0
0.10534978609392875,Single,SP,-0.5387490990427407,2.836077466731714,0.6731490611086272,0.4132946304037182,0
0.36812491345467585,Married Filing Separately,GO,0.9995313272136015,1.269964581907163,0.353018947843816,0.8976587506755084,0
-0.43820881328476907,Single,RS,-2.8143772889494856,0.030779141490208006,-0.7128295507216426,-0.6198487391715474,1
-0.14160734582438228,Head of Household,ES,-0.07060825436360009,-0.7046534403948556,1.470255485727773,0.07934524162560606,0
-0.3290438663391163,Married Filing Jointly,RR,-0.3737782913350991,-0.9276981723737265,-0.46328466577720706,1.464197825123035,0
-0.11126387664190929,Married Filing Separately,AP,-1.0307672974690398,-0.1650520946133565,0.18785879961412114,0.5214369334703528,0
-0.3960115264925419,Head of Household,AP,0.5031717917423643,-0.8444235551008304,-0.41696952215554733,0.21084734828466284,0
-0.08788147220659367,Married Filing Separately,PI,-0.006935311037842998,-0.4334532888283689,0.07364684949195702,0.5621940407196544,0
0.011203052683591834,Head of Household,MG,0.5878278641186541,1.2762891156499303,-0.6199917997557448,0.5367327308198473,0
-0.6077577272816244,Single,SE,1.2961893586176934,-0.5030131884964733,-0.9205732134319526,-0.2852442023073636,0
0.04489271790241762,Married Filing Jointly,MT,0.7455631100847319,-0.3156920139531854,-0.6958021242331912,-0.5488066427998113,0
-0.18599697392406309,Married Filing Jointly,TO,0.8258778454160837,-0.18439073953588736,-0.7525171796598085,-0.053908896899474576,0
0.7443895611444968,Head of Household,PE,0.22604977704049278,0.8002829769650388,0.4618205339867819,-0.04625121294036928,0
0.17461294331085941,Single,GO,-0.218937270065646,-0.35865184727994814,-0.7050392426410789,-0.619009068580437,0
-0.29005809279511413,Married Filing Separately,TO,-0.18348301753198656,0.02891486946536313,0.2398760247637571,-0.4392319604895179,0
-0.08183858896229333,Married Filing Jointly,AP,-0.17190611874548462,0.06968313999601351,-0.42453515336624464,-0.36949363676701974,0
0.30207110416783306,Head of Household,GO,0.5625033980231822,0.16957158079211948,-0.12127890719697229,-0.41356376172042497,0
0.04029635378642734,Head of Household,TO,0.41923927554023105,1.0601091127143127,0.20377190130444567,1.4655118490225532,0
-0.5728490745643354,Married Filing Jointly,GO,0.5046189040906766,-0.9914373159388423,-0.8639985810490017,-0.35957042649605064,0
-0.3209230571977269,Single,MA,-2.7086940653375517,-0.2662728148303237,-0.3719752610994721,-0.14432119664105403,0
0.14103761839838203,Single,CE,-3.252272720372056,2.418551115924257,1.808243786326468,0.17122067436168423,1
0.30864509664480183,Married Filing Separately,GO,0.10811012065301151,-0.4172955531511551,0.22878305729167192,-0.006815585045334696,0
-0.31891017745747635,Married Filing Jointly,DF,-1.2254039083170905,-0.6379536277229836,-0.19292500896336953,-0.271803881258536,0
-0.2112777560765393,Head of Household,PB,-0.015617985127719197,-0.7665474224841545,0.049698831838553365,-0.3435290836716526,0
-0.588331878759148,Head of Household,MT,0.19276619302930137,-0.8573266791241537,-0.9906234752537153,-0.4944051214279273,0
-0.581104653106578,Married Filing Separately,PE,0.10304522743391774,-0.7980309237088613,-0.9091006507644079,-0.16543411255848503,0
-0.20648079688832774,Married Filing Separately,SP,-0.7572630636379498,0.36856548267913275,-0.6567246560686337,-0.24584398782238687,0
1.0930364421228298,Head of Household,ES,-0.18493012988029892,0.033919263007504856,1.763452459217369,-0.6327084666817937,0
-0.15526608602049977,Head of Household,TO,1.0856345119382036,-0.26507450037563435,-0.2697749169415074,-0.3686819241312183,0
-0.015009422556916816,Head of Household,TO,0.977824641988912,1.3070373269632214,0.15243595440537172,-0.3668311074897697,0
-0.1696905693226221,Married Filing Separately,PI,0.2166435467764599,-0.8593365871603116,-0.3577236811000134,-0.5955672549857755,0
0.06470312692604346,Single,AC,-0.4692877063237332,-0.29684890934241653,0.17020535813745397,-0.4060868725389838,0
-0.06947289014492808,Single,MS,1.294742246269381,-0.2652405475667147,0.13110931789292768,-0.6005176769391364,0
-0.27709684487732017,Married Filing Separately,SP,-1.6255304726255368,-0.8677434307170706,-0.5380535948437211,-0.6388060967346629,0
-0.16223269398208803,Married Filing Jointly,MG,-0.5821624694921197,-0.513572142383579,-0.32060488790582203,-0.45275615540427216,0
0.5096597209082276,Head of Household,MG,-0.0018704178187492336,1.8065129137993992,-0.22101369449469108,-0.19392792867746325,0
-0.2186400037739766,Married Filing Separately,GO,-2.7110836546047525,0.7227020548859785,0.33997591197500876,0.09301574983981024,1
-0.3787953418226159,Married Filing Separately,PE,-1.6537491634176336,-0.7911505870967337,-0.40508112608772595,0.06119400510723034,0
-0.48890653279418256,Married Filing Separately,SC,-1.2565168238058122,-0.48038654906440387,-0.6226901870819408,0.6049986022294103,0
0.6060561332502885,Married Filing Jointly,AM,1.110235421859519,2.0372487088847064,1.113360807720858,-0.007149216645354123,0
0.46879609686300466,Single,PI,-0.20880748362745744,-0.6367743891858073,0.16603116992008016,1.2707986692737805,0
-0.6332221284121269,Married Filing Separately,MA,-0.250773741728524,-0.7742467229186079,-0.9427953865809401,-0.12948111396309464,0
-0.6149610478219607,Single,CE,0.2578862487033708,-0.9840779136709868,-0.9657776560759671,-0.6567187587010694,0
-0.48269085716254145,Head of Household,MS,-0.7370034907615727,-0.5147678555767893,-0.2929795984185996,-0.5595984135490433,0
0.02727161874085346,Married Filing Jointly,SP,0.23183822643374324,-0.5305128577659914,-0.013210238746432757,-0.3728681619728029,0
-0.6165852962629641,Head of Household,MT,0.30347028767521883,-0.767136174665583,-0.9178594248687093,-0.5507245585340013,0
-0.14641954885227906,Married Filing Jointly,PB,0.5610562856748698,0.48877888004191505,-0.3563751669032557,1.470333664381493,0
0.1471141824841864,Married Filing Jointly,PA,-0.2609035281667126,0.7647484445302679,1.3321571229003943,-0.2598499915002977,0
0.23321242837891298,Head of Household,MA,-0.40778543152044616,0.34575155242057065,0.5547660936120106,-0.024765524285486416,0
-0.5129200841601008,Head of Household,RJ,1.0154495630450404,-0.8244996263455099,-0.9145603892976695,-0.6337252043231937,0
-0.4270474644152603,Head of Household,DF,0.8859330078710582,-0.6071967455380958,-0.4402099888598964,-0.6556386496943026,0
0.0950556904446922,Married Filing Jointly,BA,0.1840835189394262,0.25410347444656356,-0.8948585832937136,-0.34204824397212497,0
0.2741669957858943,Head of Household,AC,0.5567149486299318,-0.5737397539379382,0.5458913572522943,3.3215873818647492,0
1.3106527337688718,Married Filing Separately,SE,-0.37522540368341145,0.8982495190716956,1.9239935952655591,-0.3722465634331019,0
1.3411055217545351,Married Filing Jointly,RN,0.38523213535488393,-0.9371268781481783,-0.9730796543466199,0.001554094842303723,0
-0.4745518593488003,Head of Household,RO,0.15152349110239147,-0.7883195475203509,-0.6252993378287744,-0.6178879545725505,0
-0.6073537655299666,Married Filing Separately,AC,-0.6509003060369705,-0.9954909484103857,-0.8940115152561131,0.02960990299477593,0
0.23561038829666586,Head of Household,RO,1.3121075944491323,0.5531167472907957,-0.12473240811604516,1.615222040042447,0
1.008435123962645,Single,RN,0.2846578271471551,2.467057310788559,1.9078671411443742,0.5666812925467314,0
-0.5237513519327898,Married Filing Separately,SP,-0.6668185418684095,-0.4269549041100841,-0.8993874529407351,-0.32544587817786175,0
-0.24488349356437097,Single,TO,0.9257285974496569,-0.5790922829746948,-0.3338327386191967,0.08816597652556118,0
0.2777742425768563,Head of Household,GO,-0.7608808445087313,0.190755820734047,0.1612146595223228,-0.10145792342514942,0
-0.5411572184715259,Married Filing Jointly,MG,0.6030225437759363,-0.7382652070530176,-0.5727244973025148,-0.04943376018636478,0
0.09938364172440732,Married Filing Separately,MA,-0.2543915225993054,0.00047614480190236825,-0.5618811204661077,-0.3875442246462835,0
-0.530224700422746,Single,GO,0.5625033980231822,-0.6880127371696952,-0.8918920332518708,-0.31052471742950655,0
0.19231788359069224,Head of Household,RO,-0.09520916428491427,-0.050738358285094126,1.159585355830475,-0.5890483917395857,0
0.3357307147709158,Married Filing Separately,PB,0.4315397305008876,1.6680642399247894,0.8141750179076701,-0.6234860691572341,0
1.9853788951055256,Married Filing Jointly,ES,0.48435933121429947,-0.9934697682411521,-0.9279060141766997,-0.4878480489761487,0
0.32315116913433034,Head of Household,AM,0.3461601019504421,0.02337114770989526,0.24917429514227374,0.8712561896136352,0
1.261297511504462,Married Filing Separately,MS,-1.2029736669182447,1.2170479867256982,6.441696892450161,-0.19778892230562115,0
-0.3899461239396157,Single,AP,-0.8383013551434583,-0.6633271992769458,-0.3269805470658367,0.22672746690011297,0
-0.5598482446309951,Head of Household,AC,0.5827629708995593,-0.9086968243563144,-0.909244697628556,-0.629790588079389,0
-0.056211788971508136,Head of Household,ES,-1.9337654028161302,-0.17463080646643456,-0.15329083137730876,0.11155746580066678,0
0.3929046409902265,Head of Household,PB,-0.11546873716129138,1.2773066424318247,1.3277886073096885,-0.40142721332083525,0
-0.27583619665789905,Single,MS,0.22387910851802373,-0.5453812348367487,0.14054846429267095,-0.6604185281202793,0
-0.5840789340997022,Married Filing Jointly,PB,1.3801218748198274,-0.9519033439800084,-0.935397357067522,-0.5774122907400252,0
0.07422870786205948,Married Filing Jointly,TO,-0.015617985127719197,-0.3360807014260989,0.9097202157509678,1.4652015157186242,0
0.12331110004119446,Married Filing Jointly,DF,0.05311985141713165,0.6285277511124777,-0.019518404249975453,-0.2814167582255763,0
0.3832201257029471,Head of Household,AP,0.8012769354947694,-0.24464939524201396,0.571277578659378,0.9306323631668146,0
-0.1657456195149977,Married Filing Separately,MG,-1.2131034533564329,0.6226319919701764,-0.1573884663870064,0.08071052177652355,0
0.09052229378012877,Married Filing Jointly,ES,-0.94611122509275,0.9823448343412364,0.2034570819000968,-0.23134965185841408,0
-0.4127710888737157,Head of Household,PI,-0.1863772422286113,-0.8551815054910846,-0.7770816997726636,0.9604262242076563,0
-0.2691979375386211,Head of Household,ES,-0.6082104917617472,-0.34569496385272414,-0.6583929724229026,0.1828241577467177,0
-0.23603886187611092,Single,PB,0.829495626286865,-0.021370116186447435,-0.32432247474249987,1.7688957371932983,0
-0.5478846020853271,Head of Household,MG,-0.5922922559303082,-0.8977897349745938,-0.8981780028549632,0.582812100828118,0
-0.15462688410642708,Single,PB,0.7593106773937018,-0.5031605933136203,-0.23680358628863726,0.13637853852390036,0
-0.3300130627372835,Head of Household,PR,-0.47145837484620223,-0.9927609244881067,-0.4180942654375592,-0.5973975691266642,0
-0.05723035462320123,Married Filing Separately,AL,0.7687169076577347,-0.2842184842308151,-0.5165385196662278,0.14125440592977095,0
-0.2699259174963149,Single,DF,-0.6943136764863495,-0.6161338128930043,0.7195942092900681,1.0774256075161477,0
0.26334802702022414,Married Filing Separately,RR,-0.8578373718456787,3.036363762030243,1.202170682221331,0.865911560490419,0
-0.5308464065662709,Head of Household,RR,-0.5727562392280878,-0.6216736327562536,-0.9816898518111711,-0.22965074010747707,0
-0.2058535475303719,Married Filing Separately,SE,1.084910955764047,-0.2707755984505857,-0.4514882241541092,0.10952771824524139,0
-0.46098198380902955,Married Filing Separately,PR,0.8584378732531184,-0.8942195035945766,-0.8920043716868039,-0.6608118033582911,0
0.06689009824451704,Married Filing Separately,TO,1.118918095949394,2.8090221796315364,0.6297257262313747,0.24190956856468449,0
-0.3137007684705096,Married Filing Jointly,MS,0.7679933514835781,-0.6593121521840086,-0.7823788193618083,-0.6528987700740312,0
-0.021846198043004476,Head of Household,PA,0.31721785498418875,0.78130070486514,-0.5068864738131839,-0.3285492112171487,0
-0.3437255894359265,Head of Household,RO,-0.1646705570039218,-0.25167063351759095,-0.6192484635794334,-0.5919047628403107,0
1.5607964344704681,Married Filing Jointly,RJ,-1.0343850783398212,1.5483537531146263,0.9574966649818786,-0.5181582002583612,0
0.6328664095220886,Married Filing Jointly,RJ,-1.3411728961821021,-0.16637310190114185,1.0245355319833374,-0.6440976057427923,0
-0.5228381939680109,Single,PR,0.44890507868064,-0.9760205062395823,-0.5820857315619012,-0.4694712849516146,0
-0.19698639653348599,Married Filing Jointly,PA,-0.5705855707056188,-0.6847399166854513,-0.3323877402021135,0.013906851429615397,0
-0.10308304488175939,Married Filing Jointly,PA,0.779570250270079,-0.20743748269682574,-0.7626883377968579,-0.38634669222721935,0
-0.5237040613846754,Married Filing Separately,AL,-2.3024927616955337,-0.892816123026621,-0.9424619950966224,-0.4509182364721189,1
1.0538077198838447,Married Filing Jointly,PA,0.8251542892419279,0.8806762636062903,2.040752638208808,-0.18079794093256432,0
-0.27796548390120024,Single,PB,1.2752062295671605,1.1292974655344907,-0.7420950719544005,-0.566230972480156,0
0.08808483845955518,Married Filing Separately,RN,-1.132788718025081,0.18235244552592678,1.6121484415770657,1.2612780535592594,0
-0.2809965828422419,Head of Household,RJ,-0.13862253473429423,-0.6661387293922355,0.6146361377455195,-0.2672579177253102,0
-0.10308191891632817,Married Filing Jointly,MT,-3.7438445666116036,-0.38870812303980773,0.7167884662821017,4.053165298836484,1
-0.5519289833018073,Married Filing Jointly,PA,1.1666728034437122,-0.8399580562284351,-0.5872668888956312,-0.5962885702327448,0
0.39457929803746167,Married Filing Separately,AP,-0.17769456813873508,0.5068693529980746,0.9710053617825861,0.8747490701635595,0
0.3638012928112349,Single,PA,-0.41791521795863473,0.1443579868191198,1.225955174975497,-0.400889488647061,0
-0.4109236394391398,Head of Household,RS,1.1630550225729308,-0.8138921155774617,-0.376824385881565,0.5880775157446257,0
0.2510136820094841,Head of Household,AL,-0.10099761367816576,0.2601097872017253,0.5952192546269387,0.3945106121635179,0
0.8817187144867171,Single,MA,-0.02068287834681399,0.9366215942365468,1.81036281535315,0.24729054302980255,0
-0.3454616549055299,Married Filing Separately,RS,0.06759097490025831,-0.7102500544670645,-0.3788645968127697,-0.6116365557654825,0
2.296091962796911,Married Filing Jointly,GO,-0.9280223207388419,5.072029922897285,1.8750724717399876,1.0242607597007605,0
-0.027103936930791363,Head of Household,AC,0.21519643442814754,0.12165157536835906,-0.2572328742542971,1.1752374460961468,0
-0.10992908792947378,Married Filing Separately,RR,1.2455404264267504,0.09302252507334671,-0.1476643971018884,-0.40822379225642663,0
-0.03708986450275547,Married Filing Separately,SE,0.8186422836745209,1.6317198480828696,-0.12714541957930614,-0.3689232944787184,0
0.6707209342585428,Married Filing Jointly,CE,-2.123337120445087,0.6738894158715771,1.0019387463920528,0.893074577936694,0
-0.026240408057714888,Head of Household,SC,-0.2565621911217745,-0.4240462602329093,-0.7095989147621949,0.38562091430713424,0
-0.06998676344522527,Married Filing Jointly,RO,-0.29997556157115446,-0.5082027051472084,0.1490562888286138,-0.3431628344571061,0
0.4574776325094676,Head of Household,AL,-0.5127010767731132,-0.7022503083317791,-0.10374052202059938,-0.36201022406267325,0
-0.09273169822097796,Married Filing Jointly,PE,0.43588106754582573,0.17121557804688867,0.4353770629541583,-0.5847559136678272,0
-0.5684342507209598,Married Filing Jointly,PE,0.15731194049564193,-0.011159297793956583,-0.9515509898423202,-0.5250088312408832,0
-0.33713063667939047,Married Filing Separately,SC,0.04805495819803686,-0.44975886286630967,-0.1370266720778184,1.1330833730132446,0
-0.2622315028024837,Single,TO,0.41417438232113624,0.3375003510089757,-0.4789848680142308,-0.23941272616949824,0
-0.3085732951218507,Head of Household,RS,1.189826601016714,-0.7799686310853917,-0.9542697611587257,-0.5419709227267875,0
-0.1330586698191014,Married Filing Jointly,AL,-0.14585809647585704,-0.7530611823459407,0.13001854792793185,0.7118343368512762,0
-0.11911523359431772,Married Filing Separately,SE,0.6572892568376606,0.04615429637428827,-0.7604719185947298,-0.6239855846254196,0
-0.5649635055853608,Married Filing Separately,PA,1.4119583464827055,-0.9891239273967936,-0.7355744599751173,-0.49826238732871064,0
-0.2325490619409054,Married Filing Jointly,SC,-0.8614551527164601,-0.4771566493945645,-0.5448441814488919,0.8167633389210756,0
0.0759620017244473,Married Filing Jointly,RJ,0.03864872793400499,0.8100979700691319,-0.2625947696345524,0.1640364117791428,0
-0.3592057952489746,Married Filing Separately,AP,-0.15815855143651467,-0.05710061031930791,-0.6325120995200649,-0.6406662326945478,0
-0.25645027660187086,Married Filing Separately,SE,0.04588428967556781,-0.24899653671711186,-0.7887032920575189,0.041512536501614544,0
0.11609262227389842,Head of Household,BA,0.17323017632708096,0.23418604884494074,0.9406354812580261,-0.4519854477695903,0
0.07979054402902118,Married Filing Separately,AL,-1.4381294235190496,-0.14603947446286847,0.2433512686057204,-0.2647882983396915,0
1.0053411635508478,Married Filing Jointly,RR,-3.723337271067311,4.412764608076093,1.5440151807901297,-0.5222111718463068,1
-0.187027145680971,Head of Household,RN,-0.250773741728524,-0.7838813618934857,-0.490460601524697,-0.6612153298465828,0
-0.30405704777693315,Single,SE,-0.005488198689530641,-0.8942537535373843,-0.7290497711977921,-0.6347810831020262,0
0.20743189080039354,Single,MS,-0.0018704178187492336,2.762067675760089,0.435534699145113,-0.43784710976988417,0
1.446389512153067,Single,MS,0.010430037141908374,0.5342935856846998,0.9915515179587814,-0.34547682122483864,0
0.4962207171966634,Head of Household,PI,-0.025747771565907754,2.0734292212534453,0.0058161777152436886,0.809722593842453,0
-0.43169267810842366,Married Filing Jointly,DF,0.17684795719786237,-0.9531541172078591,-0.5655923656169425,-0.6072145391674595,0
0.03229091279538262,Married Filing Separately,DF,-1.6031002312266907,-0.3044480612099258,-0.3430897880397338,-0.2512501244472828,0
-0.5034031644966331,Single,PB,0.8490316429890865,-0.4636730105178298,-0.9567407537496941,0.11524232431037872,0
1.3483825361806292,Married Filing Jointly,PB,-3.2714928498893476,2.3965835012541423,2.676123424953478,11.400791150772799,1
-0.49673721165114076,Head of Household,SP,-2.426127617047158,-0.2872318209354678,-0.8627542516910933,-0.03093677695400235,1
-0.35539847306214445,Head of Household,DF,1.2694177801739102,-0.7503506678847547,-0.7207987849384907,1.4651101863979485,0
-0.4929425125762907,Married Filing Separately,CE,0.24775646226518225,-0.9589488606960568,-0.7826066670745961,-0.30104044705688704,0
0.9250365967212578,Married Filing Jointly,MA,0.06614386255194492,0.4854085122522062,2.1423025065903047,-0.4229212893623108,0
-0.4565132868504028,Married Filing Jointly,RR,-2.771085101858191,0.052720255200944546,-0.9509218040111828,-0.6429261674153498,1
-0.0019515148374826357,Married Filing Separately,BA,1.4372828125781765,-0.7239253196060904,-0.09671348112899665,-0.18153509902087547,0
0.21951315342726901,Single,MT,-0.14368742795338801,-0.37095147864012845,0.9082294666003031,0.718612277149995,0
2.41549193551302,Single,ES,0.38595569152903964,3.6797944597486323,4.495758745122119,0.8416049141448689,0
-0.49582117312048035,Married Filing Separately,MS,0.27091025983818406,-0.9966927312137139,-0.4903826893843402,-0.488899268095763,0
-0.4759862526955425,Single,BA,-0.7673928500761383,-0.930437734254762,-0.7384902765302159,-0.6503387532995805,0
0.5513257252423353,Head of Household,AC,0.20144886711917756,1.0643647764940636,-0.22637921369542816,-0.1461338040769138,0
-0.21180548741291394,Married Filing Jointly,MG,-1.1979087736991505,-4.063914527185434e-05,-0.5501127634517431,-0.41217797906894754,0
-0.3710712189639437,Single,MS,-2.1949691816865626,0.03578957001095275,-0.31551342012901457,0.8059259035115056,0
-0.4226838286926457,Married Filing Separately,DF,0.8931685696126221,-0.5170517631554086,-0.5680407093299003,1.1332212989261017,0
0.18636603032087565,Married Filing Separately,CE,0.6818901667589758,0.3209767045503734,0.19734686759036763,-0.44838259926211793,0
0.38968178147496313,Married Filing Separately,SP,-0.9316401016096233,0.41482414910493004,1.5252705163709064,1.0531869921951826,0
1.3488899135265149,Married Filing Jointly,MS,-0.4975063971158298,1.7614521282847113,2.063242974073442,0.820927210398413,0
-0.5392053140900162,Single,PB,0.542243825146805,-0.8177159699516876,-0.9890167638476355,-0.47617560263468667,0
0.17526297181561762,Head of Household,PA,0.9922957654720376,-0.29240422056185367,0.4445054667475946,1.3867654720995304,0
-0.18355821941260722,Married Filing Jointly,RO,1.308489813578351,-0.7290307288023359,-0.794673989278702,-0.6315155939219477,0
0.5736349980089028,Married Filing Separately,AP,0.7455631100847319,-0.35478203728625873,1.2644954117536409,1.8980428520835027,0
0.7869817153522062,Single,MT,0.4481815225064833,1.7371125581686775,1.369547702630714,2.4557984689048196,0
-0.27681717238673204,Head of Household,SE,-1.817996414951119,0.3917735040517732,0.4856294875292,-0.32108536908151836,0
0.3018378560981043,Married Filing Separately,AP,0.44601085398401424,0.2947507863184374,0.8376890830583885,-0.5079721852074885,0
-0.56321895206866,Married Filing Jointly,MA,0.328071197596534,-0.9345663697656184,-0.9863256241624031,-0.6592275192241206,0
0.2043918707486271,Married Filing Separately,RO,1.3092133697525077,-0.4894428409037696,-0.28768202585189473,0.14947311285874137,0
-0.16002034513504754,Married Filing Separately,AC,0.6601834815342863,0.543045096387435,0.8587176603362119,-0.4549946556926707,0
0.8946152626985744,Married Filing Jointly,RO,0.9836130913821625,1.0643400645100125,2.433806702937381,0.16142886648066693,0
-0.28701365549434793,Married Filing Separately,AC,-0.48665305450348556,-0.5391585838352447,-0.30404131043903004,-0.43518085276525953,0
-0.43482866506002654,Married Filing Jointly,PA,0.8577143170789616,-0.8340397528199819,-0.6713390710938241,0.3110151105653581,0
-0.19478799233524852,Married Filing Separately,RS,1.2940186900952242,-0.5102338568187785,-0.1524858902528083,0.13239359796053973,0
-0.31253236280372904,Single,TO,1.4351121440557073,-0.7368674625515997,-0.8368955746887061,0.10195949974312447,0
-0.14427484454384165,Married Filing Jointly,PR,0.24486223756855652,-0.2179296708726354,-0.24273487446208178,-0.5429979116184673,0
0.06398095002095698,Single,ES,1.002425551910226,2.0160154785182565,0.32531529323867653,2.9498658635324824,0
0.6534073968851728,Single,GO,-0.5250015317337707,2.315405934276953,2.0161111119107167,0.4946010241011919,0
-0.4527836562783319,Head of Household,SP,-1.3107835368675365,-0.4909411675157112,-0.9156448175768221,-0.5530525242793883,0
1.1896509453076598,Single,PI,0.8830387831744335,1.1246338372461062,1.7380059917947763,-0.39529603372159544,0
-0.10370743601977438,Married Filing Separately,ES,0.9785481981630676,-0.5973496702090942,-0.33337659021606103,-0.43568409596081953,0
-0.5611642383820006,Married Filing Jointly,MS,0.16165327754058004,-0.9534138098121857,-0.9077983402787921,0.2233287114663955,0
-0.5345394865681876,Head of Household,AC,-0.8925680682051825,-0.9204540926981096,-0.8824596815155309,-0.0012631351209889195,0
-0.08530205862895165,Married Filing Jointly,MS,1.2137039547638724,-0.17231134831426803,0.7756334221968461,-0.5221235702530056,0
-0.3662543388488708,Head of Household,SC,-1.4518769908280196,-0.7655346646816384,-0.9182304134905248,-0.6507031386504397,0
-0.052121416397795974,Head of Household,RS,1.4235352452692065,-0.8514543313351641,-0.49843481849470755,2.452607534272231,0
0.8729412076607074,Single,RN,-0.4186387741327914,0.7888725434871192,2.3150604474374723,0.2057552726910702,0
-0.1759146463886352,Married Filing Separately,AC,0.2875520518437798,-0.8020186575562683,-0.13510423531226945,-0.17865542962405964,0
-0.40308977825727915,Head of Household,DF,0.7158973069443229,-0.41632745033736296,-0.5960759435091164,0.4382881105180233,0
0.042128126317690535,Married Filing Jointly,AL,1.3244080494097898,-0.47308697581056697,1.5040159032905362,1.172192824763009,0
-0.5153594449606351,Head of Household,MA,-1.1662366739462056,-0.08972787802893273,-0.9151909340614877,-0.09976273940158693,1
-0.13809875092774682,Head of Household,PE,-0.734109266064948,0.6688447027765102,0.1531018314188866,-0.28050998854172465,0
-0.3350575610949285,Married Filing Jointly,AC,1.2983600271401623,-0.968270914749867,-0.3633011937989306,0.056484953501369374,0
-0.23262155679213564,Married Filing Jointly,RO,-0.19288924779601843,-0.04108030795690464,-0.9605357997491685,-0.5636001288855892,0
-0.5302803924052324,Head of Household,MA,0.34037165255719165,-0.604015402749199,-0.6342682935210154,-0.42515978965070933,0
-0.11535295002473925,Married Filing Jointly,SE,-0.05034868148722297,-0.84317278187298,-0.5567882937566196,0.018240334502493526,0
-0.32297915668799404,Married Filing Separately,AL,0.09653322186651059,-0.7861717726258027,-0.2921773751594603,-0.5567234038114457,0
0.5799810257923975,Married Filing Separately,ES,-1.1298944933284558,0.048372305328771396,1.5403442506421534,1.4533697090319015,0
-0.09725729974024774,Married Filing Separately,RN,0.16165327754058004,-0.960618003478457,0.19714665150875288,-0.6604791036901152,0
-0.17991043786611874,Head of Household,PE,-0.7717341871210764,-0.3774069425440087,0.17314835334616543,-0.6609851426812062,0
0.670086929107999,Head of Household,SP,-0.16756478170054653,1.5153910011954914,0.16116347305801854,-0.0039582820127660335,0
-0.22369923348911633,Single,CE,0.8627792102980565,-0.614626381865886,-0.8748503264330012,0.6297926489291787,0
-0.5231054808388548,Married Filing Separately,SC,-0.2891222189588092,-0.7922331454156045,-0.9307806097738189,-0.4929028472959962,0
0.6745530276848615,Married Filing Jointly,DF,-0.8585609280198354,-0.01346184774650905,-0.3698027807206849,0.19669503130730226,0
-0.5561946600318993,Married Filing Separately,RJ,-0.43962190318332417,-0.7336796166090053,-0.7002494579193741,-0.1515045272917518,0
-0.47463951142699023,Single,PB,-1.8770978874812478,0.05037868597805502,-0.7741880791180153,-0.6492213670190684,1
0.21174702339673704,Married Filing Separately,PA,0.799829823146456,-0.66142307587427,-0.03520547013775303,-0.5042584368106242,0
-0.6062337763767317,Married Filing Separately,AC,1.246987538775064,-0.8441248435743178,-0.96055980755986,-0.4568417446067448,0
-0.11378205502263412,Single,RO,1.168843471966181,-0.6497889339091507,-0.8025553458488687,-0.05056326158084397,0
-0.38133837805555465,Single,ES,0.9539472882417535,-0.40217658789124794,-0.9337879277960811,-0.009533098301358903,0
0.10323349075945022,Head of Household,DF,0.12402835648445053,-0.24859550890575596,-0.5170608027931547,-0.43105239469798,0
-0.6039662552235578,Married Filing Jointly,AP,1.2187688479829673,-0.9499602016551467,-0.8232745394530655,0.5932208475896181,0
-0.0973800299722587,Single,SE,-2.8403812890340023,0.004880514029539704,1.0223086942973247,-0.6435076928857747,0
0.1833702693718316,Head of Household,RO,0.922834372753031,-0.34695744275723045,0.6720206940061335,0.16437936269759856,0
-0.2593240002207079,Head of Household,MS,-0.7435154963289798,-0.2798873838681715,-0.6192484635794334,-0.47317571403004266,0
0.6728283084822965,Head of Household,PR,0.2701867036640284,-0.24046396552219793,0.6968212154278602,-0.39875350086146166,0
-0.2304441128734653,Single,BA,-0.7406212716323541,0.26698232002941574,-0.21209139549115216,-0.5274309221024768,0
-0.04923747265542008,Married Filing Jointly,MA,-1.898182379784871,2.6836496136686074,2.2478331417709647,-0.6135060110438036,1
0.8231908581426391,Married Filing Separately,MS,-0.8202124507895502,1.1357568313305895,1.9878199454099794,0.5937855982868577,0
-0.2812168730549658,Married Filing Jointly,RO,-2.507223585898671,0.5726277294656154,1.0383957393707712,0.6787153429923636,1
-0.18770151236159022,Single,BA,0.4706117639053295,-0.40650508699241256,-0.5480598691488524,-0.5030208313222839,0
-0.3125544490487274,Head of Household,CE,0.1703359516304552,-0.7981896006590841,-0.8022985075722272,0.4470380185978626,0
0.12519310795323846,Married Filing Separately,MG,0.02707182914750408,-0.3571626250831833,-0.21722363124837904,0.6146440968109778,0
0.01640674523067672,Head of Household,SP,0.26801603514155936,2.058546537244553,-0.34763813572184454,0.1614819865957538,0
-0.6103857305982631,Single,SC,-2.314706047015165,-0.8685225085300508,-0.9848140380439684,-0.5730209473450726,1
-0.3704112299957548,Married Filing Jointly,RS,-1.5775151424499911,0.3577167283302115,-0.5058328480081257,-0.28821520102485504,1
-0.6775280164963798,Married Filing Jointly,CE,-2.6227933487470545,-0.9858181576004815,-0.9490025380885551,-0.3351100113963018,1
-0.04558709254909878,Single,TO,-0.1646705570039218,-0.24621362047809178,-0.45280004716848954,-0.6483220527899658,0
-0.37199477045578067,Single,SP,1.0820167310674222,-0.8498012296652181,-0.6485302920043591,1.6978620282081547,0
-0.15516466251895783,Married Filing Jointly,SC,0.5762509653321521,-0.5070867639726894,0.32233062409442526,-0.2511215178528619,0
-0.6264495924625423,Single,RR,-2.8381820907207507,-0.6005740070924899,-0.8685999271056574,-0.39883457893185736,1
0.08148780699760758,Single,MG,-0.3477302690654715,0.02686550896343953,-0.5855188484907646,-0.08593939436502752,0
-0.4489114611601141,Head of Household,MT,-0.23702617441955406,-0.6417579726361166,-0.4187850562168858,0.19634182913856651,0
0.09185630297803495,Head of Household,PR,0.8208129521969899,-0.15591429658098005,0.11013238005696889,-0.6468579878636235,0
0.007991279597190419,Single,MG,0.7491808909555132,1.7233028945199,-0.2284674402480155,-0.6614278103069303,0
0.18072260496650805,Married Filing Separately,MS,0.04371362115309876,0.3631223430341887,0.07550632237663622,0.1333152785538896,0
0.21625720785087066,Married Filing Separately,BA,-0.7977822093907041,-0.42038151635248616,0.3618443096494689,-0.5479241033438941,0
-0.3856831322040137,Head of Household,PB,1.0436682538371371,-0.9737235923535676,-0.732526373972436,-0.6013163425291271,0
0.24552789181549756,Married Filing Separately,RN,0.20289597946748994,0.23467421891584542,0.3338666036203999,-0.43991879425827296,0
-0.061806884425055705,Single,SC,-1.0039957190252555,-0.18931536105933777,-0.4563396138240032,0.16319767311987607,0
0.3931624870739927,Married Filing Jointly,RR,1.096487854550549,1.8199952520453944,2.051802119835113,-0.5893447460658598,0
-0.3811416805559803,Married Filing Separately,ES,1.1891030448425584,-0.3497537988472256,-0.35946719172927777,-0.4613001065466693,0
-0.3297921136745735,Head of Household,GO,0.9575650691125348,-0.297003250856841,-0.9706071541075131,1.1897327139919633,0
-0.610152049464907,Married Filing Jointly,AM,1.0537980402753255,-0.9834128578195058,-0.9743199069064862,-0.6594316122978755,0
-0.3112242508107426,Married Filing Separately,RR,-0.06481980497034963,0.6666388330422627,-0.5829636020735964,-0.6406792797403585,0
-0.536433187198172,Head of Household,ES,-0.8896738435085567,-0.7818103242125699,-0.968698002406668,-0.647893364141896,0
-0.5001993597809763,Married Filing Jointly,RJ,0.7332626551240743,-0.741753932240024,-0.6661157868469942,-0.22595935807485987,0
1.3449471290370276,Married Filing Separately,PB,0.3454365457762854,0.10439133836760141,2.539855091469365,0.9192134022868199,0
0.9403869700588051,Single,MA,0.4662704268603914,1.3963355987344725,3.0728674448875557,0.9218647483819465,0
0.7231082948167,Head of Household,RO,1.285336016005349,0.9251894835796349,0.5006026607820797,-0.08044752001051773,0
-0.5277969457274266,Married Filing Separately,DF,-1.0199139548566947,-0.9478059236069009,-0.7903435238030544,1.179085392678494,0
7.886386393787074,Single,RO,-1.6211891355805987,-0.7760528654722388,-0.47934272028680003,0.5794142773262441,0
-0.46567639353026785,Married Filing Separately,RR,0.7093853013769157,-0.8594102895688851,-0.5635544195735389,-0.6201879623626285,0
-0.41570500833676416,Single,RS,-1.6957154215187,-0.8386201407410359,-0.09328444099817522,0.13791063447482765,0
-0.27729276286236526,Married Filing Separately,DF,0.6862315038039138,-0.7848381925742018,0.3752143953167508,-0.5745624431622055,0
-0.10042152244035847,Single,SP,-0.1516465458691075,-0.09862107896098793,-0.15257829767509187,-0.5013759716182775,0
-0.58240479672882,Married Filing Separately,RO,0.45831130894467187,-0.9460179898836233,-0.9968568994598228,-0.28910705979920864,0
-0.5827936878662435,Single,RR,0.5950634258602169,-0.9609136801999107,-0.5854884989942303,-0.10195184730227318,0
0.872975159849097,Married Filing Jointly,RO,0.3092587370684693,1.113285834043684,2.005439866547191,0.8188806880698022,0
0.2101701521165735,Head of Household,GO,0.7072146328544466,0.0788335107922053,0.06101421129270373,0.13374583106564644,0
-0.5342070669277796,Head of Household,PR,0.5574385048040884,-0.984225318488134,-0.8911862942130573,-0.6601585191359066,0
-0.12549105615537898,Married Filing Jointly,PB,1.2426462017301259,-0.1348826639791577,-0.33835300169257404,-0.016532838378861586,0
0.08567821726925391,Married Filing Separately,GO,0.5509264992366812,0.8378954837780033,1.4010187716041549,2.7543549501255624,0
-0.44036988739832295,Head of Household,MA,0.8475845306407731,-0.25166716516895216,-0.8368738317658159,2.712931511608066,0
-0.24402507484209804,Head of Household,RN,-0.16032921995898372,-0.007924629144738907,-0.5015685172562693,-0.2914993288418061,0
0.8776410739836511,Single,GO,-0.7789697488626393,-0.2255548353549354,1.3509162826015442,-0.06696805782425765,0
0.15850947232522772,Married Filing Jointly,CE,-1.1016758025363593,0.2172830517539748,0.020228564748578565,0.3979578280531042,0
-0.5053961233100224,Married Filing Separately,PA,-0.4837588298068598,-0.6153837824998739,-0.8104607102297268,-0.05149239762894273,0
0.32177957001356405,Married Filing Jointly,RR,0.6211114481298444,0.39308844172944063,0.6748934776930118,-0.44769296969783196,0
-0.6574278022575727,Married Filing Jointly,BA,-2.1157224826979197,-0.8834346735023721,-0.9687201983071184,-0.6521727951678437,1
-0.09552296652515403,Single,PB,-0.7435154963289798,0.0975274764115079,0.1383936500387319,-0.373472053807475,0
0.021442495703047938,Married Filing Jointly,PI,-1.069115774699325,-0.44388304672868106,0.9305943276807583,1.6809381459278394,0
0.837061712903467,Head of Household,GO,0.9336877153653763,1.959312313710432,1.948476126440016,0.07825208557302846,0
0.29639753758499693,Married Filing Jointly,AL,0.31794141115834545,0.26346758222761874,0.0479281425556761,-0.6186344319792979,0
-0.6319317720278648,Married Filing Jointly,PR,1.0263029056573858,-1.0006726612766836,-1.0030925885537312,-0.5761513869555941,0
-0.43451365457744084,Single,PR,0.4163450508436053,-0.998378782195728,-0.8361776052557668,-0.27753339823317136,0
-0.5615010752714082,Single,TO,0.46916465155701714,-0.917322173877315,-0.8948051319416084,-0.6482269957419156,0
-0.46079100274933715,Single,AL,0.14284081701251528,-0.8615949156677201,-0.8810482034379035,-0.2250106514580448,0
-0.15308422485282971,Married Filing Separately,ES,-0.5387490990427407,-0.5083700529690283,0.24406969101622014,-0.09963506473900968,0
1.1981430632031993,Married Filing Separately,RO,0.47350598860195525,2.199994899148105,0.5568824047733313,1.132604360045619,0
-0.27094110525171405,Married Filing Separately,RS,0.4821886626918304,-0.6161199394984493,-0.48975305057564245,-0.525686345691202,0
-0.6531017410034144,Married Filing Jointly,RR,0.20796087268658472,-0.9560445522546804,-0.9883132896966229,-0.6491263099710182,0
-0.540993173969459,Married Filing Jointly,RS,0.4344339551975134,-0.6919293698700079,-0.9439826407662615,-0.26630082372190256,0
0.027723737167880447,Married Filing Jointly,RR,-0.45481658284060755,-0.3147928445685885,-0.7913408099949715,1.294314105484089,0
0.3798746225683982,Married Filing Jointly,PE,0.8946156819609344,2.1606889711122697,0.28255738239737876,1.9579986872434196,0
-0.20193094380592239,Single,RO,-0.6385998510763129,-0.5839163223876215,-0.1624631739940859,-0.5735084282470603,0
-0.4120153062311414,Single,MG,0.035030947063223586,-0.9499029739026074,-0.6803392822377197,-0.21780495444309994,0
-0.3470581006616528,Single,SE,-0.4222565550035728,-0.8876630240365928,-0.5310501087852495,1.7269205950243727,0
0.6807476564242099,Head of Household,RJ,1.2686942239997534,0.8281923449175098,-0.22678055181377793,0.10316541954878136,0
-0.5768128193333898,Married Filing Jointly,AL,-0.65885942395269,-0.7436914384983476,-0.7873158217905828,0.2299472914198537,0
0.3174903346221404,Married Filing Separately,SC,0.3461601019504421,0.8000636039136377,1.5775654167649538,-0.23582199277599303,0
1.2411189117848034,Single,CE,-1.4330645302999554,1.3168146017758677,2.467213798003177,0.2801849413144002,0
-0.37579014008649403,Married Filing Jointly,MA,1.3251316055839466,-0.9528081494311434,-0.6539832358742175,-0.29124863917586974,0
-0.4262550445898062,Married Filing Separately,RR,0.7542457841746081,-0.9376016083681078,-0.8557050148990402,-0.06395419024195917,0
-0.5808607516716149,Married Filing Jointly,RS,0.19566041772592713,-0.8777396450375385,-0.9708455690196435,-0.6613541876912836,0
-0.5489552219850361,Married Filing Jointly,AP,-0.8339600180985202,-0.5909128486791473,-0.9457143739789603,-0.10158839388325754,0
-0.19774235240151122,Married Filing Jointly,ES,-0.7109554684919451,0.4025093437194553,-0.13774554746587828,-0.6607120866510227,0
-0.38727810554380343,Head of Household,RR,0.649330138921941,-0.9667214299955038,-0.06007167330571086,-0.33608667596842573,0
0.8809450030099678,Married Filing Jointly,MS,0.8027240478430818,1.200212622433188,0.44370324348845536,-0.00029672179914492553,0
0.13260689741650117,Married Filing Separately,ES,0.2549920240067451,0.8071550762491495,-0.0561892026371151,0.7887420122468176,0
-0.1253414759784679,Married Filing Jointly,RN,-0.08942071489166381,-0.5236546318764359,0.2687669335542181,0.6445432661501496,0
1.5310810807732063,Married Filing Separately,PB,0.7622049020903275,2.7111622892455216,1.5352795085413988,-0.5540282569196686,0
-0.04031532239978338,Head of Household,PB,-0.9121040849074029,0.07700569105958212,0.577067990811596,-0.39005671289670923,0
0.014040832021352954,Married Filing Jointly,PA,0.38306146683241493,-0.42945948537084405,0.031749143037505895,-0.6591063680844488,0
-0.2661025719552702,Head of Household,AL,1.2411990893818134,-0.2853864506349155,-0.8479527569335346,-0.6144127807276554,0
-0.15196934585039834,Single,SE,0.3628018939560378,-0.9476429112208795,-0.27165703870419733,-0.09700235728075576,0
-0.4640318777115013,Married Filing Jointly,PB,0.5393496004501803,-0.8572126571626548,-0.8641702595443227,1.4586174172433806,0
0.5855786330149841,Married Filing Separately,GO,-1.5661988663447184,-0.2071725875695409,0.4362798472316652,-0.13454709546506569,0
0.22945828640553004,Single,RJ,0.7007026272870406,-0.29191344922947005,1.1587727140874506,-0.014323227977615637,0
-0.5088388925352899,Single,AM,0.7556928965229204,-0.8073915631412775,-0.860892513918613,-0.09075002654184405,0
-0.13746890318802643,Married Filing Separately,MG,0.08061498603507158,0.20379117554922294,-0.1632364066893715,0.1818903620394007,0
-0.48482282940033256,Single,MT,-0.7767990803401702,-0.6699621502228816,-0.6686375129247067,-0.5556889594650167,0
-0.20185472460749637,Single,PA,-0.5409197675652098,-0.19219755877814204,-0.310827820246159,-0.025989150796172228,0
0.18501738357236275,Married Filing Separately,GO,-0.5416433237393654,-0.792816261530495,0.2443419305299088,-0.5857773109684453,0
-0.14977328019574893,Married Filing Separately,CE,1.2245572973762178,-0.023482774051028252,0.7870892246946629,1.027883178776949,0
-0.33906816334846984,Married Filing Jointly,ES,-0.7493039457222304,-0.8054601264930715,-0.6678488789923738,0.127057356223916,0
-0.28846635027279843,Married Filing Jointly,AP,-2.8404866683937238,0.42302159077605117,-0.7438485480899896,-0.6106906449441982,1
-0.43372582522643743,Married Filing Jointly,SE,1.027750018005698,-0.5631344108877893,-0.82410847114142,-0.6526061434751316,0
-0.452657721375478,Married Filing Jointly,DF,0.8179187275003641,-0.39631941412755267,-0.21467744438241496,0.28413726426323377,0
-0.26718575070017436,Head of Household,RN,0.765822682961109,-0.4971794260860895,-0.38328384589021924,-0.21232333133887005,0
0.4900145689648255,Married Filing Separately,AL,0.3772730174391634,-0.31776478580842055,0.0048078496662069805,-0.09185716157207616,0
-0.48624847486180095,Married Filing Jointly,PI,-0.6414940757729386,-0.9359576111133384,-0.6272743199913083,-0.547798292545004,0
-0.04005661018876241,Head of Household,SC,0.936581940062001,-0.626295207317393,-0.2808597308175088,-0.47921370044491945,0
0.4475421135437353,Married Filing Separately,AP,0.6261763413489393,-0.7146682970892569,0.8176131175896959,0.07297269167886612,0
-0.5723628058674757,Married Filing Jointly,RJ,-2.2237529768760456,-0.44856271612951953,-0.8963298544092893,-0.5481626778958633,1
-0.610595766457562,Head of Household,CE,-0.007658867211999691,-0.4257461846094784,-0.9252656079782112,-0.14308359115271382,0
0.3506230800161033,Married Filing Separately,GO,0.403321039708792,0.35867505299214675,1.0119133122679693,0.642055940059502,0
0.15759718048770377,Married Filing Separately,AC,-1.4410236482156749,-0.5550375509906187,1.1296385563471547,-0.4361025333586093,0
0.05977425655691959,Head of Household,SC,0.35701344456278733,-0.5114274022940897,-0.2614251815740794,-0.6601818174319974,0
0.14750506571429609,Married Filing Jointly,SP,-1.52061482737287,-0.27043570028398783,-0.8065623853465234,-0.6480480648279386,0
-0.3025449628154317,Married Filing Separately,SP,0.18480707511358185,-0.9324515441831384,0.46872164711664516,-0.45489307512171506,0
-0.0406162150081152,Single,PI,-1.1769256446486167,-0.5193174619036744,0.8293425185338822,0.1575184804647966,0
-0.5188161588347056,Married Filing Jointly,SP,0.4981068985232694,-0.9629513350251786,-0.811140176570048,-0.6215010543303028,0
-0.3601582753911233,Head of Household,AL,-0.7138496931885708,-0.7131786413489122,-0.33622717800248886,-0.3369878540612157,0
-0.346781892680084,Married Filing Separately,PE,1.3309200549771971,-0.35645508196087755,-0.3247075056686819,-0.21637537099497195,0
-0.6610648283716973,Married Filing Separately,PR,1.0219615686124477,-0.9589549303061746,-1.0038857522616662,-0.2653800750603964,0
-0.09981575303832263,Married Filing Jointly,SE,0.6862315038039138,-0.5401297214540957,-0.6604540203218772,-0.3116831087111383,0
-0.5225927335039889,Married Filing Jointly,RN,0.9271757097979691,-0.9033542668218941,-0.38940991441455597,-0.5379263385254345,0
-0.13175133734064434,Head of Household,ES,0.5603327295007131,-0.09987748825537643,-0.5529230362353119,0.17989882368956395,0
-0.3980462326396144,Married Filing Separately,MS,-0.5713091268797754,-0.20371377688954384,-0.9239275122653386,-0.24461663358432653,0
0.04826853549088594,Married Filing Jointly,RN,0.7911471490565809,0.7529686319223209,-0.4731400985547871,0.44743129383587443,0
0.03623239809398772,Married Filing Separately,DF,-0.5228308632113017,0.5349334960085499,-0.0029860822348383807,-0.5889812926468443,0
0.4393229989589216,Head of Household,DF,1.0038726642585396,0.7357539169974469,-0.036340631903649834,0.6807301796382911,0
-0.0584545388851935,Married Filing Jointly,CE,-0.5734797954022435,-0.6021411938535325,0.8077939230169328,0.1740090144378243,0
-0.16482284753769005,Single,CE,0.4206863878885434,-0.5086926093924324,0.2261331385644189,0.6862406926296735,0
0.012830419182712625,Married Filing Jointly,MT,-0.48592949832932886,-0.21253682228295329,0.07230105316056054,-0.6481291428983345,0
0.9419424479957741,Single,SE,0.8606085417755874,1.6343952455140882,2.1903430417388208,1.0640467939689995,0
0.16420755030937587,Single,MT,-0.4128503247395399,0.20231712737775265,0.2649804941283877,-0.388909504797201,0
-0.572703565185522,Married Filing Jointly,AM,-0.8817147255928373,-0.9222129790015375,-0.8894042804911746,-0.3620484332682621,0
-0.3973496064885458,Married Filing Separately,PE,0.599404762905155,-0.6796167322024323,-0.3679831698613045,-0.18360585157742063,0
-0.5321242041053379,Married Filing Jointly,AP,0.11606923856873101,-0.6213372029382945,-0.8471102186715361,-0.5022417363010094,0
0.810639894705463,Head of Household,PE,0.403321039708792,1.4625546115762977,3.0510941725007408,0.5381716335864114,0
-0.5484795448966774,Single,AC,0.11896346326535676,-0.8485625956576032,-0.7521620452526006,-0.5886998492300681,0
-0.21632407330141953,Married Filing Jointly,AP,-0.7312150413683223,-0.4196067739753046,0.11510969748860242,-0.4069666161993702,0
-0.48589362252549256,Single,PB,0.3483307704729111,-0.036914821241761556,-0.9917722263464185,-0.35116533319835436,0
-0.5096022104849813,Single,MT,-1.3332137782663827,-0.6697575176531951,-0.12070770249354218,0.7994983695859916,0
-0.5347364439059384,Married Filing Separately,PA,-0.5662442336606807,-0.6468872267292534,-0.9840661720920546,-0.08899799467582027,0
-0.394114881029891,Single,PI,0.20217242329333426,-0.701221075873229,-0.7562442790252509,1.400665235547267,0
-0.5347940413683854,Head of Household,CE,-0.8585609280198354,-0.7373630028633616,-0.3614109184401568,-0.5604455395949027,0
0.04753778392597661,Married Filing Jointly,AL,-0.34483604436884574,-0.8030088710926325,-0.29791931871273536,0.1125331984409472,0
-0.0016528741600134865,Married Filing Separately,GO,0.5306669263603041,1.1728490858477405,0.43310855133260573,0.9500249329009052,0
-0.3093824312033232,Married Filing Jointly,RS,-0.6255758399414996,-0.30432796963830894,-0.5705107959657482,-0.6510330425230846,0
0.4973143760813511,Married Filing Jointly,PR,-2.2933728213718227,2.078686370702636,2.271855447744243,0.03672240682535789,0
0.6132393596383127,Head of Household,PE,0.8309427386351784,0.7263620624272819,1.4969933921745358,-0.41836134685143067,0
0.9918080790514617,Head of Household,SP,1.3005306956626315,0.6121952973725865,0.21612731723684775,-0.007003835277747852,0
0.08725933257296623,Single,PA,0.5436909374951184,-0.5606181239503734,-0.637587713082265,-0.6527888021164829,0
-0.21424646973231753,Single,ES,-3.11605226994072,0.7325602825058969,0.07460761489717127,-0.49749354355771613,1
-0.2634411361265947,Married Filing Separately,PA,0.3548427760403183,-0.5171770572499835,-0.7165616328402472,-0.6184778674295681,0
-0.19160921869725644,Single,AM,-1.388204047502263,0.48994814707675494,-0.7249729731558644,-0.33340084839508494,0
-0.371543258317832,Married Filing Jointly,RR,0.4706117639053295,-0.16861799055757512,-0.8109327128474698,-0.6612805650756368,0
0.1026712875583329,Head of Household,PE,0.8417960812475226,-0.1592599523866379,0.05604595341227451,-0.35707564495065397,0
0.8490516857176822,Married Filing Separately,PR,0.7462866662588885,0.5286930697202723,2.3100360203395764,-0.08183889425305682,0
