Ano-Calendário;Faixa de Doações e Heranças;Quantidade de Declarantes;Rendimentos Tributáveis;Rendimentos sujeitos a Tributação Exclusiva;Rendimentos Isentos;Dedução Previdenciária Total;Deduções Previdência Oficial;Deduções Previdenciárias RRA;Deduções Previdência Privada e FAPI;Deduções com Dependentes;Deduções com Instrução;Deduções com despesas Médicas;Dedução de Livro Caixa;Deduções  com Pensão Alimentícia Total;Deduções com Pensão Alimentícia Judicial;Deduções com Pensão Alimentícia Escritural;Deduções com Pensão Alimentícia RRA;Desconto Padrão;Base de Cálculo (RTL);Imposto Devido;Dedução de Incentivo;Imposto Devido 1;Imposto Devido RRA;Imposto Devido Total;Imposto Pago;Imposto a Pagar;Imposto a Restituir;Dívidas   e Ônus;Doações e Heranças Recebidas;Bens e Direitos;Previdência Complementar (VGBL);Valores Pagos com Previdência Complementar (PGBL);Valores Pagos com Previdência Complementar de Natureza Pública;Valores Pagos com FAPI;Despesas com Instrução;Despesas Médicas;Pensão Alimentícia Judicial;Despesas com Pensão Alimentícia Escritural;Despesas com Profissionais Liberais;Despesas com Arrendamento Rural;Outras Despesas;Doações Efetuadas
2020;Até 50 mil;143478;9321,387352;2203,21155;10702,26791;490,1667448;372,9846574;0,16115919;117,0209282;91,50182135;75,0003813;567,4160922;161,9614385;54,75220751;46,38713158;8,35362414;0,01145179;603,4075268;7277,18114;1077,980428;2,63850817;1075,34192;4,37366774;1079,714584;1039,731047;141,7167719;117,6294859;7401,109748;3666,086251;101078,2826;772,6773474;120,2016832;7,83326269;23,0053816;354,0537337;778,6256784;53,95321459;9,55456594;82,53212606;2,50700073;245,911134;579,8058447
2020;De 50 a 100 mil;116777;8536,081025;2748,259482;16391,33697;430,9888088;311,0306687;0,10856786;119,8495723;74,6455694;64,73941639;505,7761889;167,1807598;51,99551874;45,0067209;6,96508446;0,02371338;505,2893536;6735,46541;1098,153319;2,87256469;1095,280754;4,45926006;1099,740014;1034,370641;153,6042216;107,6213621;15057,32071;7656,988922;131084,1458;914,3972929;126,7251884;7,07185614;20,35509627;364,8485283;716,0677812;54,82873997;8,8101694;81,54313216;7,96489038;246,6040404;625,0928133
2020;De 100 a 200 mil;56754;4952,488963;1922,992157;12811,56149;276,4394393;199,2444441;0,05162667;77,1433685;42,9077969;36,41685245;288,7700923;81,63901656;29,45960153;25,74352306;3,71585407;0,0002244;239,566438;3957,289726;705,8386039;2,09990569;703,7386983;2,84448384;706,5831821;663,1339952;94,59749701;59,93258253;5056,004082;7816,253093;72250,5694;566,0695201;77,72281883;4,13594634;13,54265946;202,0329728;387,2162696;30,4118968;5,59156464;65,7922594;1,07862085;143,9256799;542,5050687
2020;De 200 a 300 mil;24399;2362,851292;1053,768952;8568,361619;135,295119;96,36183978;0,19937277;38,73390649;18,39191752;16,5444198;134,3144532;38,7511564;13,85763949;12,3565479;1,44505803;0,05603356;98,76047052;1906,936116;359,0527237;0,94472044;358,1080032;1,28741826;359,3954215;334,7396244;47,72010122;27,52177658;3077,01233;5855,184436;41281,60872;344,1091471;40,86309283;2,3025124;6,3751081;95,0607674;180,408798;14,9576865;2,35596019;30,01781754;2,16189382;90,58158032;212,7635007
2020;De 300 a 400 mil;13861;1437,717427;580,373021;6693,824261;76,95382395;54,52852675;0,0079482;22,417349;9,96663619;8,54303795;77,8487908;51,72308153;7,84459992;6,89686549;0,94773443;0;56,9987919;1147,838665;222,4612791;1,14575356;221,3155255;2,42124533;223,7367709;198,4956769;38,00125582;16,44713747;1829,825552;4721,713787;27334,23662;239,8112015;24,33354911;1,09965802;3,24494413;57,91921134;102,3878311;8,02523634;1,25515792;29,75381548;0,71051025;71,8926679;220,643521
2020;De 400 a 500 mil;8362;890,7871005;502,6184117;5033,947207;47,00381036;34,21376885;0,01128818;12,77875333;5,9376346;5,3216491;51,86559318;19,02221028;5,41015186;4,54586284;0,86428902;0;34,55970268;721,6663485;141,3377225;0,34926006;140,9884624;1,1051379;142,0936003;129,3876363;21,49798977;10,67677072;885,4498;3693,258187;18710,55892;243,0748181;13,20553214;0,71262277;2,27810386;34,30876736;69,0250382;5,52188656;1,05408727;18,21183847;0,20769562;32,16485426;139,3744461
2020;De 500 a 600 mil;6067;673,5661471;431,8752787;4560,702853;34,98416937;23,38797025;0,0064365;11,58976262;4,41686994;4,09317041;38,22626585;14,31047848;5,24614606;4,36742621;0,87871985;0;24,14653988;548,1425071;110,6275805;0,69067005;109,9369105;0,23633302;110,1732435;93,33297982;23,65462299;7,98721385;1067,935291;3274,252664;17435,58793;185,6990694;11,96009619;0,50762036;2,15671571;29,1136918;53,0806971;5,81565985;1,39227449;11,65357294;0,4444955;38,19597956;109,7461416
2020;De 600 a 800 mil;7178;811,256555;618,495005;7176,588888;39,30662223;27,48665523;0,01012094;11,80984606;5,16342927;4,55423879;48,63677506;10,44808517;4,7621439;4,07409269;0,68805121;0;28,80455386;669,5807067;136,5823479;0,45534401;136,1270039;0,67484445;136,8018484;112,5444353;30,35061806;9,06928873;1508,309012;4926,010565;30943,25655;241,8755507;13,12320453;0,4394637;1,7797722;31,68306423;66,20206066;5,46098796;0,70889047;15,36059909;0,25978215;41,46682104;308,4183546
2020;De 800 mil a 1 milhão;4154;531,4346324;348,7765756;5070,240964;22,39018417;16,34526187;0,00013061;6,04479169;3,00160347;2,80526;29,33189688;15,38173748;3,24809532;2,62564161;0,62245371;0;17,41965726;437,8561978;92,50090578;0,42341418;92,0774916;1,89998416;93,97747576;76,36409066;20,8435961;5,22511958;698,8423321;3690,238466;16169,8318;190,2776013;7,33242161;0,41593488;1,53893455;22,89608434;40,52478947;3,19439623;0,68954017;16,13953366;0,438053;22,13343734;451,8537862
2020;De 1 a 1,2 milhão;3169;497,2660801;353,0445145;4482,729915;19,8081569;14,31239727;0,00463763;5,491122;2,6126807;2,49069086;25,03322646;7,59131613;2,63900774;2,25920489;0,37980285;0;12,83607404;424,2549273;94,67455869;0,69630378;93,97825491;0,14420716;94,12246207;70,30971435;27,18011258;4,50626991;1307,668723;3413,252121;18738,40752;172,8815693;5,63695427;0,30019579;0,91151089;20,31842483;33,60297345;2,55758563;0,39945798;12,45494601;0,20319703;21,13729488;94,98962743
2020;De 1,2 a 1,4 milhão;1946;325,3322514;409,8933169;3152,038376;12,10819542;7,96647051;0,00001081;4,1417141;1,44043468;1,25763568;14,99532421;5,53807221;1,26592527;1,26592527;0;0;8,14496008;280,5817038;63,99070078;0,2105057;63,78019508;0,10541429;63,88560937;53,3456413;11,48545739;3,13586432;455,3308854;2513,434769;11637,5846;164,8780059;3,26323545;0,14110966;1,51044605;12,19738085;21,67535712;1,77102539;0,015;8,91292803;0,31295427;31,44984584;106,0652553
2020;De 1,4 a 1,6 milhão;1418;195,2335691;140,540215;2626,431728;8,51522553;5,66037575;0,00476755;2,85008223;1,16854076;0,98303581;10,64761;3,99231195;1,25110983;1,25110983;0;0;6,19737724;162,478358;35,01840679;0,07698734;34,94141945;0,03809304;34,97951249;28,85022222;6,98331902;1,86175309;441,6370825;2114,716769;8375,275376;69,4618003;3,88563713;0,09412186;0,37554999;7,29570539;14,7515454;1,53759594;0,06327056;6,90817482;0,06877704;10,05605527;59,45795511
2020;De 1,6 a 1,8 milhão;1019;155,4512164;197,7118006;2242,85533;6,62147221;4,38278127;0,00012217;2,23856877;0,73979965;0,68097757;9,35615128;1,95867779;0,83140436;0,70093736;0,130467;0;4,1724686;131,090265;29,03797835;0,12483992;28,91313843;0,07762435;28,99076278;21,86619747;7,92851612;1,53578284;296,5800399;1721,797898;10015,198;93,54027692;3,21053647;0,03020229;0,21415967;7,14642713;12,55294877;0,95919435;0,130467;8,62573978;0,1142;11,08413425;70,82733639
2020;De 1,8 a 2 milhões;790;176,2595678;613,5619893;2393,326496;8,15914291;3,40469688;0,00000656;4,75443947;0,60864947;0,5780508;6,73357134;0,70873695;2,38966626;1,65239077;0,73727549;0;3,40394298;153,6778071;36,70468013;0,1720294;36,53265073;0,19060127;36,723252;29,53601251;7,91886037;1,2250293;310,7709998;1496,909783;19091,89827;107,090997;4,74249464;0,08930251;0,16549555;4,63780116;9,72247125;1,69987977;0,73727549;4,89202512;0;13,4683784;127,4551963
2020;De 2 a 2,5 milhões;1610;302,5203298;337,2727653;4532,754323;9,52225484;6,04938781;0,00085534;3,47201169;1,35495401;1,23757952;12,94685534;3,94148394;2,09921192;2,00081192;0,0984;0;7,4305399;263,9874503;61,60862112;0,29473526;61,31388586;0,15400211;61,46788797;49,28220896;13,58549114;2,47229294;455,3554158;3549,998345;14309,80463;209,5932205;4,1268359;0,16636535;0,54929528;12,24407829;19,18991436;2,61182547;0,16321562;8,21596244;0,7313151;31,79571419;120,7755572
2020;De 2,5 a 3 milhões;943;171,4018725;252,2354021;3132,537803;4,96428795;3,46139164;0,00000967;1,50288664;0,71210022;0,62015367;8,9327089;1,34660197;2,18608103;1,98942793;0,1966531;0;4,38672838;148,2532104;34,3185482;0,17342989;34,14511831;0,08121169;34,22633;21,74463351;12,76349449;1,38327815;601,9295687;2569,198626;9361,060177;119,4326133;1,50159012;0,03287361;0,17052139;6,71614517;13,82004021;2,12409996;0,19683674;7,43839174;1,0659408;7,93587012;70,30314656
2020;De 3 a 3,5 milhões;713;137,9942441;202,3348058;2855,269142;5,19393321;2,98774314;0,00004095;2,20614912;0,60651434;0,58560183;7,93773278;0,59760336;1,34861053;1,2563927;0,09221783;0;2,77699005;118,947258;27,99512139;0,20377489;27,7913465;0,00743377;27,79878027;22,18045724;6,65183665;1,29395907;414,5691779;2281,344481;9103,193373;100,5671743;2,2180458;0,03551077;0,1744397;5,5285775;11,85054715;1,9694939;0,09221783;6,61184205;0,64037;22,3795122;118,5979059
2020;De 3,5 a 4 milhões;452;114,6848439;272,9300965;2173,30008;2,96556234;1,63658438;0,00000751;1,32897045;0,30977456;0,25735048;3,74380124;0,34789835;0,26376411;0,15346703;0,11029708;0;2,00433879;104,7923541;25,94213662;0,04173854;25,90039808;0,00845701;25,90885509;21,70882504;4,4444806;0,63051051;366,1857841;1687,540487;7978,203459;256,3618823;1,29646864;0,02499406;0,10652585;2,98921744;5,75456859;0,35447836;0,11029708;7,86875451;0,0594;11,81926547;392,4951849
2020;De 4 a 4,5 milhões;416;78,63998668;102,4563308;2143,200433;1,59527968;1,19088743;0;0,40439225;0,39358884;0,34371901;5,20568144;4,26489802;0,30050874;0,30050874;0;0;1,71225104;64,82405991;15,10876906;0,0419412;15,06682786;0,00252996;15,06935782;11,66216783;3,81761254;0,60849222;350,4621865;1755,289476;5873,544322;46,82719494;0,42691909;0,00644187;0,05570854;3,41780492;7,6090181;0,63800542;0;2,8967514;0,32717413;13,61974725;35,51538195
2020;De 4,5 a 5 milhões;339;139,7352091;139,5614572;1963,088708;1,65596926;1,21681436;0;0,4391549;0,37351559;0,372921;4,49701359;0,39745647;0,058194;0,058194;0;0;1,01128525;131,3688539;33,97952088;0,08574159;33,89377929;0,01265237;33,90643166;29,41916777;5,04212033;0,62609632;438,6850577;1611,832576;11904,23846;67,3689538;0,586363;0,00138103;0,01618022;4,82468911;6,62063736;0,068644;0,00513805;7,00806362;0;9,90935933;23,95322372
2020;Acima de 5 milhões;1925;693,3530431;4252,19566;48063,4915;20,19040289;5,6233811;0,00000678;14,56701501;2,05633539;1,92077729;26,91414279;4,06247697;9,2329131;8,1682264;1,0646867;0;7,55541723;621,4205775;158,2894323;3,11888933;155,1705429;0,04598021;155,2165231;132,2146565;27,70086105;7,51722459;4887,105782;40308,67517;178921,8041;855,0530989;17,03432095;0,02049791;5,46410978;29,92547416;46,53060228;21,84680596;1,86190796;81,3323664;10,90732916;395,3436636;1585,145623
2019;Até 50 mil;136915;9189,432966;2412,865316;10240,76396;448,1849702;333,928964;0,2589399;113,9970663;96,21114536;78,82007019;573,9280918;171,8532594;49,99667546;43,03354449;6,80444581;0,15868516;580,3476989;7190,091055;1080,309498;2,15355527;1078,155943;6,35346752;1084,506638;1058,490868;130,0883352;118,0907149;6108,009226;3504,638792;89990,69142;864,8733985;115,5710603;6,43093716;24,19299263;374,1844519;784,5624277;50,49002641;8,37900961;90,02361698;3,11939602;354,8489756;482,5183982
2019;De 50 a 100 mil;107418;7892,909536;2744,106023;14890,43555;371,5816977;259,9470578;0,12078144;111,5138585;72,20502468;62,66098817;488,5926856;158,4634717;49,57848244;43,09388238;6,48412158;0,00047848;470,0560067;6219,771179;1012,987845;2,13648926;1010,851356;4,53756569;1015,388922;960,7626574;134,2975705;101,0294874;10710,17146;6955,019842;117686,9883;977,0343991;116,321018;6,18826667;20,88280137;366,5672636;697,8617719;53,21127299;8,00232325;85,96413574;2,61464608;236,8989306;531,2201241
2019;De 100 a 200 mil;52690;4726,546643;2148,820604;13568,11443;241,3872883;166,434479;0,07721236;74,875597;41,96560604;36,73788367;279,9664337;97,10134946;29,97841642;25,58973158;4,35216658;0,03651826;223,8066421;3775,603023;679,7292045;2,40159158;677,3276129;3,65146855;680,9790815;635,785532;93,79738162;59,78549474;5070,595475;7272,136349;81875,32925;684,066465;75,0251551;3,30834289;12,99572517;204,2610998;380,3952374;29,7706902;5,25849538;60,81803641;1,60779525;162,840821;981,0097119
2019;De 200 a 300 mil;21888;2142,708894;891,4731116;7553,977786;110,2208616;74,26091243;0,03272235;35,92722677;17,24139022;14,84917063;124,9859705;62,81269044;15,21047238;13,30660752;1,9029741;0,00089076;93,17625806;1704,212081;317,7885777;0,80761262;316,9809651;1,9864171;318,9673822;299,6372554;42,54879239;27,30414723;3163,777924;5275,47915;34058,84269;346,9534114;37,76901138;1,49877178;5,77290505;85,57857242;165,4687835;15,54638005;2,38245832;30,70412181;0,5031345;73,7535989;212,2558037
2019;De 300 a 400 mil;12407;1284,645567;606,8734036;5818,175078;64,23994273;43,60582812;0,02148721;20,6126274;9,47426034;8,52895211;78,15239444;36,80179593;8,20509203;7,26252624;0,9424042;0,00016159;52,0984498;1027,144679;197,6026826;0,36487733;197,2378052;1,40234022;198,6401455;184,7783502;27,30885686;16,03716222;1332,607091;4230,60514;23993,63588;249,7997712;25,97102883;0,98976846;3,08004243;51,72495705;103,0093791;8,12603155;1,11857041;18,44314249;1,74562065;45,02046009;144,7620568
2019;De 400 a 500 mil;7546;829,3637983;444,1435655;4342,604881;38,95543548;26,5622051;0,00126983;12,39196055;5,27375317;4,55816824;48,73145034;28,74755815;4,98473563;4,30110014;0,68363549;0;32,29832165;665,8143757;131,0302129;0,39666226;130,6335507;0,33780755;130,9713582;117,8366236;20,16572556;9,29615839;845,8306273;3345,97818;14921,0531;196,8688661;12,61932064;0,60249913;2,18552281;30,42036281;63,69965882;5,2652064;0,92094248;13,23879862;0,53660197;36,94057997;122,5379331
2019;De 500 a 600 mil;5514;625,5325745;785,1048026;3991,114315;28,28213427;19,42887571;0,00454231;8,84871625;4,25485176;3,80307996;36,86023516;14,56434363;3,48248864;3,01733165;0,46515699;0;23,51195801;510,7734831;102,2307553;0,19102578;102,0397295;0,86481072;102,9045402;92,76775734;15,77292423;6,71489772;801,4661261;2981,187914;16526,56296;177,368431;9,69397917;0,25060906;3,55840312;25,00596706;50,73541552;3,43922246;0,51376798;13,39345334;1,8076568;26,29672182;137,1980459
2019;De 600 a 800 mil;6155;745,569297;680,0979713;5860,243665;32,32943844;21,49030651;0,01216335;10,82696858;4,33246353;3,80715749;42,42788736;12,50034718;4,4784384;3,8400087;0,6384297;0;26,22204435;619,4715202;128,7227098;0,48572207;128,2369877;0,3955312;128,6325189;106,4745366;26,95593178;7,33617637;1016,793084;4230,164993;22361,1132;315,5028479;11,80759006;0,47714346;1,53942164;28,49672731;56,21917449;4,59997919;1,0089945;20,2986853;0,5489146;33,63456487;200,0471411
2019;De 800 mil a 1 milhão;3732;459,7336898;324,1571755;4128,742383;19,27392427;13,40942795;0,00678735;5,85770897;2,64945656;2,40704295;28,89456661;10,33148639;2,83725711;2,3070265;0,53023061;0;15,28813577;378,0518202;78,4720859;0,23590275;78,23618315;0,20271851;78,43890166;67,67191673;14,65564454;4,93165977;556,8887503;3316,109687;12647,16065;164,0880884;6,6939272;0,3800865;2,07854454;17,95530012;40,96984581;2,79188519;0,67028662;11,34760691;0,08894673;54,15238058;90,704476
2019;De 1 a 1,2 milhão;2742;515,609801;411,1497651;4042,260812;15,66815048;9,87825282;0,00097201;5,78892565;2,01265796;1,72861383;22,28627957;5,69414327;1,45160179;1,30026191;0,15133988;0;11,9210808;454,8472733;106,2951838;1,29566952;104,9995143;0,19003133;105,1895456;86,97603424;20,03593416;3,67416655;2162,729854;2952,165708;18208,3684;188,4145299;5,82000523;0,23994776;0,94529439;14,1960649;30,67982013;1,66997725;0,1732824;8,77216156;0,27445424;22,07256908;228,5359222
2019;De 1,2 a 1,4 milhão;1754;256,2495124;299,7991691;3027,448345;10,52326614;6,65158879;0,00127002;3,87040733;1,32100674;1,22536278;15,22484458;5,19336614;2,27084055;1,93775683;0,33308372;0;7,20083555;213,2899899;46,7325704;0,23874841;46,49382199;0,04635089;46,54017288;39,82672892;8,30220578;2,62038123;1432,970928;2254,825965;11205,60982;131,6561205;5,37957108;0,1197824;0,2867099;9,86590573;21,71089645;2,55729053;0,41250404;7,97883927;0,21530564;24,21374944;78,9064909
2019;De 1,4 a 1,6 milhão;1260;181,9373016;468,3449026;2406,966668;6,55871048;4,40591639;0,00213593;2,15065816;0,94194522;0,91003385;11,03415419;1,25785196;1,61914694;1,09945522;0,51969172;0;5,27516644;154,3402925;33,86148603;0,10236791;33,75911812;0,30341559;34,06253371;25,44269249;9,8022898;1,73614648;517,5678188;1879,686124;8798,560136;142,0463168;2,46763418;0,16246383;0,33040902;8,22051182;15,44799771;1,60757152;0,53769172;7,12620042;0,345;10,35218171;69,37051902
2019;De 1,6 a 1,8 milhão;878;133,0440484;178,3730686;2075,302424;4,15913238;2,91088014;0,00104467;1,24720757;0,67343235;0,57617313;7,33628098;0,9357564;2,11082252;1,31926446;0,79155806;0;3,73786892;113,5145817;25,41738292;0,09684138;25,32054154;0,03563969;25,35618123;20,70478335;4,97466552;1,09044278;239,2491065;1487,662768;6889,601947;62,75438155;1,58460679;0,01593309;1,06936661;5,29390719;10,68205032;1,80576421;0,91874566;3,5157933;0,30118615;7,5890044;39,46426179
2019;De 1,8 a 2 milhões;691;130,2313472;168,6188109;1672,432625;4,49901832;2,46972529;0,00002202;2,02927101;0,60558671;0,51474734;6,52772562;10,5563716;1,3989947;1,3989947;0;0;2,78542101;103,3434819;23,62975682;0,22223955;23,40751727;0,07971841;23,48723568;20,49992942;3,60340949;1,34401733;231,7239459;1306,731933;5775,419362;58,3689093;2,01836852;0,00583996;0,37195294;5,50474604;9,34133047;1,96781166;0,021;6,19068139;0,04700198;9,61906525;137,9883061
2019;De 2 a 2,5 milhões;1376;287,9390801;404,3859825;3946,393305;12,26906592;4,55908055;0,00130703;7,70867834;1,04699949;0,98766434;11,99575467;4,05249208;1,23858534;0,66270247;0,57588287;0;5,75853651;250,5899817;59,99239534;1,03738278;58,95501256;0,36719807;59,32221063;52,36357165;10,16375978;3,92895089;594,6167458;3045,030625;14705,35196;141,0932242;7,62752603;0,21636281;0,63533715;9,78854263;18,03282964;1,34165314;0,77519764;10,01610999;0,45512067;25,93922956;80,32697148
2019;De 2,5 a 3 milhões;790;163,4438757;181,8503397;2762,858047;4,93218566;2,45732364;0,00002741;2,47483461;0,76962051;0,63001062;7,37900075;1,641875;0,32540781;0,28340781;0,042;0;3,2921016;144,4736738;34,44111787;0,2460776;34,19504027;0,18882166;34,38386193;25,18170886;9,56598689;1,09637661;597,3712127;2149,288275;10315,37433;155,1869159;2,21613027;0,10946413;0,31244515;6,45932456;11,49745763;0,38555306;0,042;6,1455822;0,0006;23,29042777;65,06709551
2019;De 3 a 3,5 milhões;672;136,0340193;268,9054913;2948,490241;3,29754966;2,28997746;0,00000502;1,00756718;0,66647361;0,59996223;7,12598269;1,45972365;0,74551882;0,73024553;0,01527329;0;2,4993707;119,639438;28,28280456;0,07190281;28,21090175;0,0437525;28,25465425;20,54616207;8,36074943;0,99558516;367,1489055;2155,665882;10465,22183;170,0563416;1,36152025;0,02932555;0,06017665;6,08150949;10,4611929;1,31579368;0,15119777;4,27731519;0;9,85974561;89,23554981
2019;De 3,5 a 4 milhões;423;93,98372813;169,2705598;1882,720561;2,07230284;1,36777984;0;0,704523;0,37995243;0,35455506;5,30347071;0,32746244;0,86581871;0,86581871;0;0;1,87062939;82,80953655;19,86665964;0,03094284;19,8357168;0,00780386;19,84352066;14,08088929;5,88013975;0,68401282;213,943376;1575,845472;6040,931314;71,90885409;0,66193556;0,0092431;0,2148922;4,88530935;7,36672188;1,10912002;0;2,51397912;0;10,21360649;54,72425834
2019;De 4 a 4,5 milhões;304;51,66197882;95,66767149;1666,380373;1,51681515;0,86157902;0,00000096;0,65523517;0,2730096;0,2996686;3,12705888;0,33528331;0,29411695;0,23210271;0,06201424;0;1,13366385;44,68236248;10,3309669;0,10868123;10,22228567;0,00186157;10,22414724;6,80115624;3,67326164;0,39204868;103,8949434;1282,642918;4302,26124;54,46929179;0,59093338;0,00256004;0,09898638;3,6440045;4,66422998;0,23210271;0,18;2,95930383;0,035396;16,18439067;43,55710504
2019;De 4,5 a 5 milhões;294;126,4673052;120,0569038;1639,702086;1,81617412;0,84787466;0;0,96829946;0,21797421;0,18395217;3,30138248;0,18918297;0,28505011;0,09698267;0,18806744;0;1,26210759;119,2114816;30,8786523;0,30956168;30,56909062;0,00260223;30,57169285;22,22756898;8,68750284;0,74888227;227,4790765;1395,179255;4347,864358;78,58510961;0,79640262;0;0,31533255;2,50689347;5,1320316;0,30044506;0,376445;2,42390991;0;14,60318659;41,9337645
2019;Acima de 5 milhões;1654;477,8273632;3738,491796;70364,31678;11,65366221;4,2571162;0,00019832;7,39634769;1,63270972;1,53420561;22,30249166;1,193701;7,33912926;6,90330854;0,43582072;0;6,20554144;425,9659223;106,596427;1,31437675;105,2820503;0,06921195;105,3512622;92,17012907;16,10678321;5,54699381;3155,172283;63072,19087;158993,5983;749,2685663;9,86514564;0,0262671;0,30671304;23,96223871;38,86763812;13,40654536;1,29371756;58,95856837;0,063;438,4857781;1679,906484
2018;Até 50 mil;141098;9312,133824;2517,779114;10916,5031;451,7973647;332,4809168;0,1678548;119,1485931;99,76971223;81,24656085;549,6608153;223,0533612;54,23100531;47,45389718;6,76364484;0,01346329;596,4224885;7255,952516;1072,89069;1,89726597;1070,993424;6,34821552;1072,169425;1039,048596;135,995496;118,5193369;5724,119846;3599,542113;101892,1212;754,9618597;120,6725881;4,73400032;24,74006458;361,8896053;752,4232314;56,30865064;8,07704018;87,78242423;3,26230489;236,1995315;433,3372527
2018;De 50 a 100 mil;102428;7381,064413;2735,787622;15753,90926;340,8717634;238,8519517;0,26832157;101,7514901;70,34064844;60,80874442;439,4864644;168,5535869;41,88292604;35,36132788;6,52117409;0,00042407;440,4162173;5818,704063;937,0003204;1,80783506;935,1924853;3,45546952;933,8309532;885,8154592;124,5847424;92,11846786;9879,81308;6566,123379;113306,5307;904,0442849;102,4865699;3,6138898;21,7768959;333,8673707;622,5887676;44,02126049;7,76736399;76,5807662;3,2325768;221,9554508;502,9230412
2018;De 100 a 200 mil;49570;4279,215497;1595,541993;11425,53321;213,7319413;149,518068;0,11019968;64,10367365;39,71262603;33,76491183;247,6365362;112,2661585;26,67209542;23,18939631;3,48000038;0,00269873;210,8549075;3394,576321;596,5009871;1,46218015;595,038807;2,80048153;594,8290421;556,2456569;83,09268099;53,05433762;4224,373479;6817,983648;66319,05922;553,590303;64,82140354;1,71925682;13,56926516;179,6781661;333,5439474;27,60873786;4,50597589;48,57350346;3,58310999;162,0647028;475,7933313
2018;De 200 a 300 mil;20935;1989,892458;864,4394414;7472,322284;100,0300569;68,84670343;0,08148701;31,1018665;16,10477266;14,07440978;108,8583387;46,04394255;12,83091351;11,04319378;1,75505259;0,03266714;87,42184611;1604,528178;298,3095004;0,85029255;297,4592079;1,17362891;297,2123287;274,0282058;41,34595524;24,43954765;1806,999415;5051,379401;31883,98226;356,1618166;32,31348378;0,96551315;5,44509205;75,49727323;145,0215393;13,29032369;2,05377988;27,58511794;0,61301139;71,61917091;197,1005634
2018;De 300 a 400 mil;11725;1145,056595;629,7966723;5687,25203;58,07020789;39,00205436;0,06342861;19,00472492;8,78639528;7,61108924;66,86913015;19,9534763;7,38937426;5,95289945;1,42252156;0,01395325;49,0335368;927,3433846;175,5961758;0,55395596;175,0422199;0,42206385;174,5910565;153,660568;31,93373804;13,15397364;1332,692088;4009,258316;23374,39295;272,1607046;19,81253793;0,4237353;3,37785542;45,70016718;90,63598934;7,45557769;1,53129036;16,06377311;0,52098545;50,43634116;225,2998672
2018;De 400 a 500 mil;7219;766,6521318;359,2148205;4513,798941;36,4101408;25,54043631;0,00673736;10,86296713;5,65376357;5,03483178;44,03929081;10,74253778;6,47640081;5,55597117;0,92042964;0;29,61877521;628,6763911;123,3409777;0,23289711;123,1080806;0,30247403;122,8057136;104,9733054;24,83209408;8,41841169;788,8787894;3196,061815;16865,79773;182,9068942;11,42721613;0,30461179;1,95677188;30,20717488;58,26631653;7,03109082;1,02064423;13,1324763;0,57231335;34,44771261;111,5295453
2018;De 500 a 600 mil;5264;621,4637607;350,4840903;3557,041878;26,06364269;17,26513395;0,00048965;8,79801909;3,97358517;3,43320195;33,36669468;32,66355588;5,2174353;4,66016172;0,55727358;0;22,31114859;494,4344964;100,2760652;0,27800988;99,99805528;0,25173729;99,81507634;89,33202876;16,79792057;7,75389113;529,8912516;2849,980823;12903,61375;170,1562894;9,42679367;0,11834433;1,4601356;22,58559804;45,68069491;5,25134396;0,69551267;9,42891354;0;30,53419247;71,40442303
2018;De 600 a 800 mil;6087;796,0717706;601,4726157;5741,048167;32,89434502;21,10890925;0,01081068;11,77462509;4,34199937;3,89607082;41,06759504;24,03985672;5,20557298;4,61001886;0,59555412;0;26,21826787;658,4080628;139,4454467;0,48828743;138,9571593;0,36109948;138,782862;120,9539697;22,87287143;8,5821088;1040,779762;4165,131623;24075,51553;264,8727088;13,86275037;0,26174733;2,20669153;27,81399959;56,52455258;5,44951792;0,67266568;16,57216355;0,47272494;39,57039008;151,5303312
2018;De 800 mil a 1 milhão;3580;458,5096787;242,9250375;4286,930562;18,32841873;12,96047243;0,00291023;5,36503607;2,55809423;2,42823115;24,96382518;18,54816475;3,54658756;2,83934743;0,70724013;0;14,83072567;373,3056314;78,22566323;0,30457906;77,92108417;0,21954109;77,82540929;64,78358009;16,30163649;4,46990172;418,2184156;3181,583689;12426,91409;289,637717;6,69738079;0,1271476;2,05692943;17,16261895;33,6486843;3,08819752;0,76742602;10,39584298;0,19555701;19,93983302;73,74595708
2018;De 1 a 1,2 milhão;2607;414,798956;483,9464148;3901,318162;13,54586781;8,40694875;0,00511979;5,13379927;1,96318682;1,79891524;18,789311;5,17679559;2,54909015;2,37942822;0,16966193;0;11,20177198;359,7740174;81,28987103;0,70580435;80,58406668;0,40300905;80,72093654;69,71457945;13,68816282;3,61033918;727,4084566;2818,466585;15077,00174;212,6445274;5,4455645;0,52648013;0,54130651;14,08722634;27,75346999;4,08024408;0,2784651;10,31922683;0,27208102;202,8211857;111,688771
2018;De 1,2 a 1,4 milhão;1660;218,1935688;171,6548403;2655,184247;8,43233807;5,73458982;0,00318715;2,6945611;1,29127208;1,20716924;12,49936136;5,13946629;1,60295746;1,29231188;0,31048523;0,00016035;7,00366176;181,0173426;38,42190477;0,10635021;38,31555456;0,1650589;38,3085273;30,76219342;8,98531283;2,00995722;298,3566798;2142,912285;7836,854794;121,3685204;3,19438173;0,01791958;0,2737583;9,59568921;17,32095362;1,69187716;0,36940523;4,19106832;0,12635173;13,95479691;58,73786525
2018;De 1,4 a 1,6 milhão;1174;174,131394;168,7666952;2293,309162;6,87054191;4,22682362;0,00021661;2,64350168;0,92408234;0,9095009;9,8627343;1,36656957;2,16825144;1,79472783;0,37352361;0;4,75488833;147,2748252;32,34793208;0,09296344;32,25496864;0,0511107;32,16110622;25,76911416;7,48399768;1,91280028;303,4217803;1756,568767;7049,886509;100,2591771;4,74126742;0,00630319;0,36464531;7,04977585;13,15195926;2,96168326;0,41429961;8,41003739;0;17,94107001;58,93687466
2018;De 1,6 a 1,8 milhão;907;148,8766552;118,5022063;1899,644583;5,49558396;2,87791594;0;2,61766802;0,63929748;0,63632672;6,99900612;1,38129273;0,94457516;0,87969484;0,06488032;0;3,72290854;129,0576645;29,44215843;0,06903908;29,37311935;0,02935768;29,2958515;22,63959324;7,43597592;1,17467995;139,4528739;1537,78921;5359,852602;71,6175677;3,38770078;0,0046151;0,25364781;4,96114353;10,23001177;1,07134348;0,11288032;5,6105264;0;11,25197024;36,11246004
2018;De 1,8 a 2 milhões;683;85,36324138;122,4577248;1684,458285;2,73370598;2,04307443;0;0,69063155;0,46055846;0,50417034;5,83239393;0,91455381;0,56973852;0,32597652;0,243762;0;2,98809533;71,36002501;14,92383468;0,03903933;14,88479535;0,52593879;15,32552219;12,89556695;3,25937455;1,09123903;161,7210301;1293,406864;5455,267745;69,3546262;0,74509834;0,02147733;0,15975839;4,22291726;8,55975897;0,38745692;0,243762;2,81032211;0,072;13,04350497;33,08786054
2018;De 2 a 2,5 milhões;1352;209,9991037;481,8054537;4234,916775;5,73318691;3,73080827;0,00044865;2,00192999;1,04787555;0,85560753;12,26722089;0,78526645;1,80134391;1,68204298;0,11930093;0;5,47853654;182,0300659;41,1453966;0,13249383;41,01290277;0,09318488;40,96331051;32,13493353;10,04510502;2,0343304;593,0992425;2980,498105;15276,96229;272,2622592;3,13439637;0,05700093;0,37306534;8,13269965;19,26603402;1,90533929;0,26367627;8,32363353;1,49853565;24,78146963;358,5003192
2018;De 2,5 a 3 milhões;792;103,4417917;155,4082241;2568,621708;3,02922554;2,31796596;0;0,71125958;0,66700262;0,63342497;8,05614496;0,13561208;0,57676989;0,41982789;0,156942;0;3,37964265;86,96396896;18,61987168;0,05594573;18,56392595;0,02120431;18,48636143;14,61290557;4,53721171;1,19461485;306,9877029;2155,572907;10021,80714;113,822457;0,99459202;0,04101689;0,10483045;4,78087375;11,45203259;0,6416561;0,156942;7,7299853;0,31488352;8,50551141;49,64272406
2018;De 3 a 3,5 milhões;569;134,3133746;278,6928865;2235,468342;2,77393705;1,66162151;0,00118222;1,11113332;0,59433718;0,53363382;6,09881761;14,83088509;0,41227604;0,39963158;0,01264446;0;2,3034427;106,7660451;25,43427098;0,12759496;25,30667602;0,03047036;25,25573643;19,72101803;6,27917882;0,96700218;277,2307577;1827,943166;7559,280407;89,66795276;1,05832459;0,00540599;0,21400241;5,47517838;8,58825186;0,69739108;0,054;9,08679696;0;14,95620002;83,99177209
2018;De 3,5 a 4 milhões;385;60,80774078;142,4602357;1969,923956;1,91077097;1,06380426;0;0,84696671;0,25107786;0,24447325;3,27172059;0,41900385;1,4817151;1,24280253;0,23891257;0;1,47999103;51,74898813;11,68681051;0,02771089;11,65909962;0,00477314;11,61153151;9,00239474;2,92856252;0,61082826;218,8483821;1432,788596;5072,100158;94,57206896;0,85697637;0,02376768;0,11723262;2,19807944;5,05161439;1,30435489;0,23891257;5,27580223;0;58,21736713;39,34571489
2018;De 4 a 4,5 milhões;332;60,73949774;96,74237448;1638,035946;1,81796493;1,03735487;0;0,78061006;0,28782989;0,25608898;3,2130846;4,12840353;0,46460278;0,43025878;0,034344;0;1,25262522;49,31889781;11,39997667;0,07684631;11,32313036;0,0323685;11,29797437;8,98166787;2,68062073;0,5691622;113,0341847;1402,272943;5551,714524;57,8714736;0,85038232;0,0183101;0,05631408;2,91586282;4,76482743;0,52810678;0,07284;3,29584024;0,29062;7,16734606;51,38422647
2018;De 4,5 a 5 milhões;236;37,2384297;58,14656852;1453,6541;0,92034033;0,56731912;0;0,35302121;0,1820064;0,16539144;2,06343942;0,11762326;0,14254906;0,14254906;0;0;0,94494661;32,70213318;7,44492585;0,00359102;7,44133483;0,0127666;7,42950144;5,60170809;1,5996806;0,26072279;270,6685644;1117,065248;3149,681168;63,94998552;0,4166125;0,00898669;0,03474624;1,93147018;2,7997972;0,14254906;0;3,40794674;0;7,51358329;32,58981076
2018;Acima de 5 milhões;1588;549,7936412;3909,824311;41139,27855;20,88919145;4,22924856;0;16,65994289;1,62621606;1,56517383;20,07770613;17,95990084;3,01814907;2,51725665;0,50089242;0;5,56177604;479,0955278;121,8047373;1,21444128;120,590296;0,0546885;120,3996126;102,0534747;18,58908411;3,73046008;3682,998622;35117,47921;137566,8299;984,1427782;17,19412106;0,02124005;2,46826362;20,75438389;34,65840564;4,03424104;1,12924873;257,3255452;3,39777178;794,0471513;1388,284577
2017;Até 50 mil;139666;9024,415265;2467,169734;9859,425834;434,1433529;321,052002;0,20587482;112,8854761;100,7466345;82,33154605;499,4723035;210,4216112;58,29741519;50,74353412;7,55159086;0,00229021;602,2123636;7036,790038;1017,289623;1,7380321;1015,551591;5,17196572;1015,35501;986,7516174;127,2310845;112,8893224;5694,683036;3552,12806;82949,98801;995,2359875;117,1975532;3,0128083;25,23977095;341,7494463;691,0899886;58,50990293;8,8276208;74,50147324;2,72437314;306,7051291;476,6729752
2017;De 50 a 100 mil;96399;6858,79391;2498,909786;12539,56808;314,6500289;219,9478492;0,11475853;94,58742124;67,00045803;57,26269889;374,9937702;154,9204328;43,77548142;37,60298426;6,17230898;0,00018818;422,8474672;5423,343573;863,8686792;2,04138923;861,82729;3,67853111;860,9893706;802,5035307;125,9134368;83,87245271;9593,16471;6126,29883;96255,99278;893,2601086;98,69772254;2,50794624;20,4579564;285,2231388;534,8370903;44,88155253;8,51303842;70,03142804;3,26474093;230,5448101;650,2726579
2017;De 100 a 200 mil;47553;4093,551489;1693,38415;10815,93424;202,9711225;141,5851618;0,05455769;61,33140296;38,39380611;32,68575784;219,9212217;83,77027999;24,46375676;21,0273402;3,32870154;0,10771502;207,2108242;3284,13472;577,5433263;1,36249909;576,1808272;2,29978315;575,5009434;537,8361781;80,92490684;50,19683518;4758,715544;6523,728326;58183,75925;600,3549929;61,82978062;1,12638502;15,10550615;161,4945496;297,971157;25,45613981;4,48597921;41,7555935;5,20440462;174,7375402;338,7860625
2017;De 200 a 300 mil;19735;1897,469218;802,1529494;6909,893178;94,56296832;64,49534166;0,01603567;30,05159099;16,19056104;13,77829606;98,32155897;32,29716208;13,17386459;11,56534342;1,6066484;0,00187277;84,95990816;1544,184899;288,2168091;0,65389417;287,5629149;1,24180714;287,3970826;265,6531603;44,58822348;26,67217109;1750,356333;4752,555919;32036,7516;446,3045371;31,01686271;0,48930281;7,05610722;71,5763879;130,5567003;13,3882893;2,07531682;21,76041139;0,4796242;68,21101497;484,9335296
2017;De 300 a 400 mil;11082;1112,730189;638,8208115;5160,039565;53,08667131;36,82097846;0,01396327;16,25172958;8,56652639;7,61335645;59,57051984;30,15533379;7,78547974;7,15422541;0,63118721;0,00006712;47,29146864;898,660833;170,9366877;0,45646844;170,4802192;0,40660129;170,0034567;150,7158815;28,88843878;12,48239455;1064,960991;3781,545195;20411,1355;292,0130251;17,31922437;0,28626455;3,12100381;43,08704976;79,6820882;8,54173813;0,70226606;19,64384013;0,84612068;50,98526782;172,3429016
2017;De 400 a 500 mil;6820;711,7540236;477,8204695;4104,024117;33,57822855;23,04631244;0,00179537;10,53012074;5,24173955;4,55832783;37,80819443;12,30337551;4,2824858;3,73549976;0,54698604;0;29,38892299;584,592749;114,1217889;0,25065063;113,8711383;0,61968689;113,988699;100,6062517;18,5300527;7,99406269;813,6450438;3016,383031;19230,83004;231,9146578;11,03011304;0,16551426;2,26371211;25,53221083;50,69718724;4,32353325;0,57891067;12,58079561;0,11461;29,71022051;257,0229139
2017;De 500 a 600 mil;4835;561,0260351;469,5005375;3617,153844;25,19926161;16,09069309;0,02732036;9,08124816;3,96896031;3,53205748;29,92590091;20,16907127;4,22818678;2,9320449;1,29614188;0;20,06552529;453,9370714;91,71954356;0,29607437;91,42346919;0,38941531;91,40292719;80,15625985;16,07833512;6,28142346;659,2263618;2609,357883;13772,17194;189,4982684;8,45693263;0,18428306;1,90437709;28,03898181;40,95066147;3,64588423;1,46828488;11,11385219;0,28213919;27,08192611;467,4032921
2017;De 600 a 800 mil;5766;713,4105364;630,4513828;5157,651918;28,40020798;18,7421929;0,00779003;9,65022505;4,40805525;4,02025434;37,0503821;12,79284867;5,34949227;4,45295413;0,883723;0,01281514;24,98365385;596,405642;124,5327809;0,31218893;124,2205919;0,18181954;123,8698247;108,2340302;20,56784448;7,49279117;954,2628543;3958,850937;18045,01062;254,9556414;13,54964392;0,25068582;2,46795538;26,25610233;51,66901039;6,7064722;1,01524392;17,45873024;0,25326435;38,82730333;150,9489205
2017;De 800 mil a 1 milhão;3243;468,8604902;364,5603362;3700,967082;20,37244336;11,7262388;0,00508852;8,64111604;2,46010749;2,33131001;22,65646328;4,40660884;4,044656;3,17937591;0,86528009;0;13,92225065;398,6666506;87,3631049;0,57321042;86,78989448;0,14815255;86,65031033;68,07978661;20,97029953;4,15943426;1957,571078;2882,133418;13536,46134;176,3601563;9,26818666;0,06413987;0,90200737;15,66568483;31,23481001;3,54162118;1,52238067;8,27403457;0,87137558;26,62295125;199,3512758
2017;De 1 a 1,2 milhão;2376;304,4221355;410,6526144;3276,834833;12,93302595;8,16220211;0,01165896;4,75916488;2,00907817;1,80821563;16,14288695;5,48362415;2,88290207;2,61743856;0,26546351;0;9,53503709;253,6273655;53,51050933;0,09225255;53,41825678;0,16078051;53,29871215;44,6806944;9,70808806;2,84293754;721,4673869;2565,505552;11569,52868;161,1381814;5,4306862;0,03086022;0,87367744;13,74413674;22,76597729;3,21879534;0,57035431;6,1852811;0,30100125;21,86259501;84,17440022
2017;De 1,2 a 1,4 milhão;1573;233,3885556;236,3548258;2625,025433;8,01835268;5,12398749;0,00161109;2,8927541;1,37525736;1,23136313;13,92769108;4,69268656;1,80373052;1,74663827;0,05709225;0;6,50619195;195,8332823;43,01913672;0,12796174;42,89117498;1,25708958;43,96522998;37,29414025;8,08886943;2,09980833;250,8741401;2026,039287;11611,01479;122,9063657;3,40114708;0,03162345;2,49083789;9,77058362;18,56790502;2,4839768;0,05709225;8,52227333;0,04065952;12,45891979;150,8908251
2017;De 1,4 a 1,6 milhão;1173;176,4178283;200,6598018;2296,321754;5,6611345;3,47008579;0,00037135;2,19067736;1,04328664;0,91607545;8,9592993;0,66146627;1,06961813;0,94434047;0,12527766;0;5,42669124;152,6802567;33,81368574;0,03022773;33,78345801;0,0407638;33,70495794;24,79459565;9,29560082;1,53557756;414,0430039;1748,785269;6953,572233;111,9245074;2,3392242;0,012052;0,28896457;6,903781;12,68592763;1,24187099;0,20355366;5,48076917;0,18658521;19,75859378;76,22184347
2017;De 1,6 a 1,8 milhão;819;101,2842725;120,8464879;1650,537425;3,70208949;2,61975945;0;1,08233004;0,63741137;0,56332357;5,83394979;1,74027953;1,19939304;0,94297373;0,25641931;0;3,54070936;84,0671163;17,66589127;0,02862276;17,63726851;0,01920855;17,56867594;14,65269327;3,37009923;1,10668449;179,4941385;1389,449327;4492,405695;79,21683235;1,10273253;0,00783665;0,23850692;4,2803466;8,19163084;1,04594687;0,25641931;4,28924637;0,11197814;10,17880638;20,94005696
2017;De 1,8 a 2 milhões;586;88,70474337;113,4836681;2540,919195;3,21089833;1,82581618;0;1,38508215;0,4314119;0,36012506;4,48505046;0,41994105;0,56793475;0,22900062;0,33893413;0;2,47767396;76,75170786;17,23488819;0,12696578;17,10792241;0,0372201;17,07181262;12,78365625;4,65738901;0,62831209;188,5811086;1109,151029;7125,866172;57,22166047;2,06653036;0,007358;0,24061946;2,98286051;7,51948632;0,48997126;0,50706738;3,48490466;0,15739855;6,09018934;132,9979222
2017;De 2 a 2,5 milhões;1264;207,7741041;271,2576845;3409,139936;6,19163539;4,16412238;0,00072117;2,02679184;1,0218796;0,97341668;10,88432421;1,79055201;0,99230579;0,92402011;0,06828568;0;5,41851061;180,5014798;41,07752093;0,11448492;40,96303601;0,08804805;40,89718488;33,72066608;8,07436127;1,94583915;533,307216;2789,156775;16598,10087;153,1216928;2,20747803;0,00946922;0,60894154;8,62983284;16,29063636;1,24724475;0,06828568;6,25347373;0,23659596;41,94511602;165,9338487
2017;De 2,5 a 3 milhões;705;172,1838748;342,0994255;2401,691564;3,40006655;2,22512612;0,00009304;1,17484739;0,64157256;0,54636049;6,39619245;6,75538083;1,05695156;0,85319156;0,20376;0;3,12695398;150,2603964;36,40618454;0,48781696;35,91836758;0,06236033;35,87742743;30,92705302;5,16071012;1,5793926;305,0163013;1918,821886;11994,4572;71,9450167;1,10086818;0,03118546;0,30911131;5,30813156;9,46210189;1,05174009;0,20376;5,33127067;0,09578372;6,63493258;101,6623273
2017;De 3 a 3,5 milhões;553;128,7657193;146,9113334;2248,698204;2,87837564;1,67460689;0,0003;1,20346875;0,47773659;0,45179788;6,00454829;1,87153185;0,38467925;0,38467925;0;0;2,12372938;114,5733205;27,78122774;0,55598546;27,22524228;0,00092754;27,14035947;22,60466499;5,52207473;1,34676041;164,9536608;1782,858496;7781,152241;85,68325015;1,25124691;0,0143935;0,15384767;4,1252567;8,0919424;0,38760922;0;3,94734367;0,33959737;13,93217421;52,54901751
2017;De 3,5 a 4 milhões;317;53,69161855;98,75948907;1399,551044;1,0996232;0,77388153;0;0,32574167;0,2388834;0,21551092;2,60588291;0,13796821;0,16478939;0,16478939;0;0;1,46956309;47,75939743;11,03096172;0,00640874;11,02455298;0,04022364;11,03393138;7,47246349;3,72346472;0,49115178;112,5367961;1178,824119;4116,809191;68,44304674;0,31081385;0;0,15424827;2,0702802;4,23347322;0,34370139;0;3,76289728;0;15,54766129;27,30061393
2017;De 4 a 4,5 milhões;266;46,4658455;97,8240819;1436,537435;1,35894719;0,67014164;0;0,68880555;0,26845944;0,23528434;2,49630456;0,09519162;0,140009;0,10898482;0,03102418;0;1,05596528;40,81568407;9,48274349;0,03939984;9,44334365;0,00172228;9,40865203;7,97797706;1,6671061;0,49867983;198,347586;1118,156558;4743,262033;34,38395685;0,73073745;0,0107786;0;2,57643833;3,92616196;0,37498126;0,03102418;7,36402327;0;4,55163365;54,74889686
2017;De 4,5 a 5 milhões;200;51,0139575;137,6348115;1167,286505;0,88993414;0,43225766;0;0,45767648;0,13195464;0,10267758;2,16586175;8,39867117;0,72949888;0,45531888;0,27418;0;0,85723345;37,73812589;9,09801558;0,03924871;9,05876687;0,00458112;9,04332682;7,6567612;1,45705727;0,49915847;228,1895093;942,7067407;8131,660032;36,27415933;0,75904318;0;0,00700645;1,01089946;3,81404643;0,45531888;0,27418;10,65264169;0;5,49179525;43,98825133
2017;Acima de 5 milhões;1656;551,1115429;2894,284002;56776,12441;10,9710374;3,87806484;0;7,09297256;1,79398432;1,72271597;17,60537678;15,18408771;4,46638846;3,65600098;0,81038748;0;6,42990432;492,9380479;125,1228463;1,4104657;123,7123806;0,03549628;123,5092698;103,3006616;20,56429021;4,87502686;4998,894141;50712,31917;136435,4673;743,4526234;10,02954;0;0,4155451;22,34708191;32,95821249;8,34540902;1,19044338;43,02166512;0,59445076;312,2204181;1405,296033
2016;Até 50 mil;142431;9115,873889;2841,834773;10944,85808;430,6248674;306,7553445;0,11840598;123,751117;102,2408624;82,57904166;453,9053343;197,5328212;53,33896279;46,62555214;6,69520845;0,0182022;632,9464475;7162,705552;1031,061591;1,79502063;1029,26657;3,93940087;1027,760085;985,9478027;136,5374943;109,925981;7314,10327;3614,332583;95758,12435;875,6696036;128,8806779;2,65124602;25,56113243;324,9023508;631,5595891;54,72048761;8,14198917;69,44872234;5,57187168;276,9133262;643,8444872
2016;De 50 a 100 mil;90743;6431,457522;2480,540708;11573,44115;290,9986193;196,9008581;0,09091768;94,00684344;63,76888728;53,57858646;319,8200351;152,0013432;41,71291549;34,75921832;6,90602674;0,04767043;413,1467165;5096,430419;803,9023805;2,20122103;801,7011595;1,94964994;799,3787407;745,8958042;114,3534173;76,38622981;8152,70217;5674,694741;86307,45902;869,4839471;96,62728082;1,8368437;19,49410247;246,3366427;460,7079877;41,85914063;8,02995286;51,870184;3,82544825;389,3532998;369,3515984
2016;De 100 a 200 mil;45909;3894,235508;1556,295017;9912,981766;189,2225665;130,1965689;0,04634368;58,97965395;37,90464613;32,15268178;192,3167623;84,20267101;24,93649871;21,92308223;3,00419311;0,00922337;205,646114;3127,853567;543,7496865;1,09731382;542,6523727;1,29864576;541,2205765;505,4574308;75,23288927;46,26381618;3613,912968;6269,149037;52822,80314;634,1918113;59,82019091;1,30042948;11,20017321;142,9900536;259,7573447;25,27271931;3,5158028;35,28082956;1,86768784;217,426138;337,0945003
2016;De 200 a 300 mil;19518;1791,06191;871,1276948;6693,442892;85,45756526;57,00076956;0,01766115;28,43913455;15,37486957;13,24385743;85,83497029;51,8357377;13,47161514;11,69387283;1,77774231;0;88,13293136;1437,710363;260,1137351;0,40868022;259,7050549;0,73171264;259,1655513;236,8203839;38,51199094;19,68689333;2129,928617;4690,47109;28597,76738;360,5396343;28,84292936;0,7615598;4,90168373;63,64558491;116,5601845;12,82679875;2,00863629;23,30619955;0,89056625;75,91541317;152,645448
2016;De 300 a 400 mil;10638;1088,286172;663,6642567;5042,840295;51,18924543;33,56377142;0,0245479;17,60092611;8,49017183;7,41672771;52,9368262;26,90844048;8,10960679;7,19815116;0,91145563;0;46,63331666;886,601837;170,2938557;0,6395944;169,6542613;0,54935522;169,3895642;149,8739371;28,78455753;12,06322211;917,5524315;3630,746168;18708,65072;268,0472563;19,4406473;0,18560423;3,14807088;38,75054383;71,59889415;9,3008252;0,98367734;21,72205745;0,062475;50,87934486;141,1711432
2016;De 400 a 500 mil;6764;768,8752269;359,9348303;3976,398678;31,93323371;21,61061182;0,0070587;10,31556319;5,45832371;4,85749066;35,08709643;11,72909445;6,51057237;5,72416345;0,78640892;0;28,66153319;644,6378824;130,8420089;0,73020993;130,111799;0,56823169;130,1349083;111,5582494;25,07425698;7,82088387;913,5841215;2987,727768;13342,20607;239,3768699;12,18917236;0,1529439;1,80421442;25,33824173;48,4796266;7,23364881;0,91317688;15,40596618;0,0624;57,08095241;96,27389749
2016;De 500 a 600 mil;4672;501,0092709;605,2693708;3268,195173;21,25259212;14,27753223;0,00290653;6,97215336;3,73172001;3,14494146;24,7182666;9,29444776;4,42578838;3,89046816;0,53532022;0;19,65753999;414,7839746;82,32552784;0,21044654;82,1150813;0,16631187;81,88912613;68,28438367;17,92815608;5,43131273;519,9742018;2518,122794;12272,21878;230,6888695;7,88680054;0,05152991;1,45166082;16,38832246;33,64033568;4,62277867;0,597801;9,90276853;0,060616;36,42616021;126,8181541
2016;De 600 a 800 mil;5515;663,2107491;481,253823;4858,743855;28,63790803;17,2401888;0,00535545;11,39236378;4,10958399;3,67782199;29,74756379;22,78404879;4,28067473;3,47992541;0,80074932;0;24,62587635;545,3472715;111,9102012;0,23474272;111,6754585;0,44506547;111,6557266;97,73072712;18,66927141;7,04466779;1022,572515;3785,772666;17687,86719;267,8174765;11,81675511;0,13488305;2,31197397;20,9773879;40,51822306;4,1665495;0,80074932;16,19743105;0,53474738;50,88404579;190,2093604
2016;De 800 mil a 1 milhão;3223;424,8889599;381,5794186;3651,676086;15,36372179;9,4604762;0,00544691;5,89779868;2,44903711;2,06970446;18,87799797;3,68906731;2,42605733;2,15857793;0,2674794;0;14,76474571;365,2486282;77,87114527;0,34193284;77,52921243;0,13861757;77,37288266;63,82802136;15,93014247;3,47770949;538,7646555;2860,136159;11863,888;161,8003492;7,43008563;0,03833689;1,02809936;12,92444014;26,14292307;2,80330583;0,2738794;18,21928159;1,3880608;49,47650516;168,9065383
2016;De 1 a 1,2 milhão;2398;324,6516865;296,7714561;3300,478952;12,13821287;7,46799942;0,00630829;4,66390516;1,89060519;1,78190197;14,39556405;10,81404331;2,0996759;1,83541108;0,26426482;0;10,69020344;270,8414798;58,05975803;0,25088352;57,80887451;0,11806523;57,70331155;48,57709644;11,4247782;3,44245044;681,135379;2585,234749;12168,82646;152,8760161;5,87862782;0,01967387;0,56082826;11,02873839;21,35976083;2,06479633;0,28826842;8,26171182;0,14293607;29,79896411;103,8515703
2016;De 1,2 a 1,4 milhão;1494;217,8912889;231,901109;2380,202282;9,897319;4,49704257;0,00078689;5,39948954;1,17513701;1,03388884;10,41212906;11,84706122;1,16195154;0,95944167;0,20250987;0;6,5150117;175,8487905;38,11374943;0,07949163;38,0342578;0,12719553;38,00653735;31,81592889;8,24683892;2,52808309;302,1553183;1924,509708;9970,912857;134,5804117;6,06922107;0,03991768;0,54925839;6,67978989;13,8317647;1,00964442;0,26696598;6,93003183;0,40283863;18,39885496;85,4059827
2016;De 1,4 a 1,6 milhão;1166;139,0352854;249,847551;2419,742583;6,00239257;3,83778292;0,00554367;2,15906598;0,96803064;0,85358537;7,36970539;1,19289251;1,29037409;1,27597409;0,0144;0;4,9727283;116,3855765;23,89633474;0,05187645;23,84445829;0,04197096;23,75918797;19,25954651;5,51117649;1,56883168;263,9856152;1743,452862;8322,210355;114,0441481;2,1420412;0,00850083;0,29712986;6,07263534;10,66869625;1,41692486;0,024;5,09299161;0,09636;14,0922585;71,59426987
2016;De 1,6 a 1,8 milhão;852;118,8619912;149,0285314;1677,04338;4,29408425;2,80686779;0,01283357;1,47438289;0,62109684;0,53060521;5,33867281;1,1769792;0,59108341;0,46997093;0,12111248;0;3,7529416;102,5565279;22,34195354;0,06627141;22,27568213;0,09268556;22,27593823;17,61116908;5,35877355;1,1172379;270,3191138;1440,543232;4856,024117;76,96229493;1,78766429;0,00067253;0,19856603;3,88501963;8,1859624;1,00871183;0,1485834;3,77146547;0,36345594;10,95806669;47,51103168
2016;De 1,8 a 2 milhões;601;109,3259663;74,54355407;1365,92113;2,62811673;1,86306743;0,00219377;0,76285553;0,46304808;0,39437129;4,57436515;1,28696093;0,43085752;0,37102237;0,05983515;0;2,58252722;96,96571938;22,66067838;0,0611198;22,59955858;0,03360045;22,57457968;19,33183212;3,64387893;0,73001309;130,4861471;1139,866832;4136,695976;72,32310721;0,76646799;0,00479988;0,12499347;2,62630106;6,52224903;0,64647805;0,09983515;1,55435322;0;11,98655428;34,63947744
2016;De 2 a 2,5 milhões;1187;191,169092;340,9979048;3288,835111;5,31745732;3,30649923;0;2,01095809;1,07766778;0,96636973;9,59643776;1,78702711;1,74150692;1,5853371;0,15616982;0;5,05986796;165,6227574;37,61853959;0,08037451;37,53816508;0,0288195;37,42672758;31,02383419;7,14609551;1,7126123;407,5051022;2622,818631;12588,28807;136,8278427;1,70081212;0,00895374;0,8830157;7,30420725;13,53094506;2,61297817;0,21884342;4,98771233;0,49464944;21,55402275;124,0030866
2016;De 2,5 a 3 milhões;662;115,7445818;252,2596279;2095,769932;3,43508192;1,58538921;0,00003173;1,84966098;0,55966968;0,53329711;5,07535578;4,3662783;0,54985408;0,42216008;0,127694;0;3,0448326;98,18021232;22,30226752;0,05221476;22,25005276;0,03649345;22,22138386;18,4961041;3,80505388;1,02729426;282,1971651;1800,536582;7498,961525;77,66186674;1,87293071;0;0,29506346;4,60168234;8,81276781;0,76377588;0,127694;5,36155823;0;25,72667238;296,8453724
2016;De 3 a 3,5 milhões;499;109,1234986;270,878451;1957,850311;2,25663784;1,25400065;0,00017445;1,00246274;0,48466656;0,42001382;4,99378653;0,7749861;0,22609929;0,22609929;0;0;2,02860304;97,93870541;23,51264082;0,14225758;23,37038324;0,01310328;23,31598769;17,05363599;6,51214646;0,66350614;365,6729344;1605,758986;6452,204207;110,5106527;1,04115786;0,00293847;0,07005146;3,28222592;7,43605481;0,22631206;0;6,22631298;0,0258759;19,87946143;52,68667044
2016;De 3,5 a 4 milhões;304;72,0300926;105,7365196;1338,511283;1,92655795;0,9205176;0,00013791;1,00590244;0,29121024;0,28078844;3,11594472;0,89576616;0,42016376;0,40037687;0,01978689;0;1,41690468;63,68275665;15,29054129;0,02641086;15,26413043;0,00498684;15,22554457;13,45622825;2,09524951;0,4544982;317,0143259;1126,225198;8391,341781;51,46006953;0,91198437;0;0,17556697;2,75663287;4,26237995;0,49205099;0,01978689;3,23864589;0,06399999;2,16561344;37,5916293
2016;De 4 a 4,5 milhões;259;47,45522978;115,052667;1442,800027;1,33522951;0,91459965;0,00693376;0,4136961;0,21749442;0,22974505;2,32331844;0,14887595;0,65810444;0,4454236;0,21268084;0;1,23344634;41,30901563;9,4329841;0,0408151;9,392169;0,00956562;9,36705723;7,72001617;1,97127376;0,56455224;194,8673222;1092,878745;4869,397723;101,3133709;0,37732319;0;0,07794721;1,57628305;3,4209756;0,4454236;0,27896336;0,8278515;0,30335142;11,42309599;56,80995566
2016;De 4,5 a 5 milhões;220;58,63875812;63,26131159;1247,690871;1,48716747;0,43856284;0;1,04860463;0,21087376;0,16382809;2,14761626;0,48130029;0,66576618;0,66576618;0;0;0,83505723;52,64714884;13,05109464;0,00078931;13,05030533;0;13,0176079;9,29813712;4,01915006;0,50778252;101,9625717;1041,420554;4290,920732;28,49810801;1,03446377;0,02139172;0,01303098;1,30234701;2,99303745;1,04592618;0;0,83205997;0,41976208;14,54665844;14,5581831
2016;Acima de 5 milhões;1605;532,7710437;5010,215714;41888,41916;15,95292515;3,51885612;0,00142313;12,4326459;1,76349681;1,63696291;15,67631824;1,30010047;5,52590227;5,33594739;0,18995488;0;6,28978241;484,6255555;123,2791202;1,99305137;121,2860688;0,00249132;121,0611477;100,7695809;23,66600966;5,21060472;3513,609903;32254,81653;113643,1849;498,6921738;13,95353663;0,00209564;0,84818107;17,75447276;29,028157;16,09810353;0,40638563;64,67131356;0,005;462,3162202;4078,729156
